Lot ID,Wafer ID,Flow ID,TestStartTime,Yield,Bin 10,Bin 25,Bin 32,Bin 38,Bin 39
N3CB83.00-S,1,CP2,2020/03/09 09:35:51,97.65,0,2,40,0,3
N3CB93.00-S,1,CP2,2020/03/08 10:25:51,95.46,0,6,78,0,3
N3GB61.00-S,1,CP2,2020/03/09 04:20:49,97.06,0,5,51,0,1
N3GB71.00-S,1,CP2,2020/03/08 02:02:50,97.26,0,3,44,5,3
N3GB73.00-S,1,CP2,2020/03/09 02:18:16,98.85,1,1,18,0,3
N3GB75.00-S,1,CP2,2020/03/09 00:26:20,98.15,1,0,23,5,7
N3GB84.00-S,1,CP2,2020/03/08 13:13:47,98.75,0,1,24,0,0
N3GB97.00-S,1,CP2,2020/03/08 22:52:32,97.75,0,5,34,1,3
N3GC00.00-S,1,CP2,2020/03/08 02:34:27,98.3,1,1,27,0,1
N3GC03.00-S,1,CP2,2020/03/09 19:06:05,98.15,0,2,32,0,2
N3GC06.00-S,1,CP2,2020/03/10 20:59:55,98.65,0,0,13,8,4
N3GC08.00-S,1,CP2,2020/03/08 02:35:58,97.7,0,10,32,1,1
N3GC08.00-S,1,CP2,2020/03/08 18:38:26,98.2,0,0,32,1,1
N3GC09.00-S,1,CP2,2020/03/10 03:24:46,98.6,0,0,24,0,3
N3GC15.00-S,1,CP2,2020/03/08 05:05:54,96.76,5,3,51,0,4
N3GC17.00-S,1,CP2,2020/03/10 09:36:52,98.1,0,2,17,12,3
N3GC19.00-S,1,CP2,2020/03/08 07:17:20,97.85,0,7,36,0,0
N3GC27.00-S,1,CP2,2020/03/10 05:18:31,98.35,0,0,29,1,2
N3GC28.00-S,1,CP2,2020/03/08 17:08:39,98.2,0,3,30,0,1
N3GC29.00-S,1,CP2,2020/03/09 05:01:12,97.5,0,0,45,3,1
N3GC37.00-S,1,CP2,2020/03/09 20:15:37,97.11,0,2,36,13,6
N3GC37.00-S,1,CP2,2020/03/10 10:02:28,97.95,0,2,36,1,1
N3GC39.00-S,1,CP2,2020/03/09 14:29:20,98.15,0,0,34,0,1
N3GC42.00-S,1,CP2,2020/03/09 18:17:42,97.21,0,7,39,0,7
N3GC76.00-S,1,CP2,2020/03/08 11:59:05,98.05,0,0,31,5,2
N3GC79.00-S,1,CP2,2020/03/08 11:28:10,98.05,0,0,35,0,3
N3GC80.00-S,1,CP2,2020/03/09 07:53:29,97.46,0,1,38,6,5
N3GC93.00-S,1,CP2,2020/03/09 06:16:12,95.71,0,5,67,5,8
N3GC94.00-S,1,CP2,2020/03/08 08:36:13,97.85,0,5,36,0,1
N3GC95.00-S,1,CP2,2020/03/09 04:33:22,97.5,0,3,44,0,2
N3GG02.00-S,1,CP2,2020/03/09 12:45:27,97.06,0,1,42,9,2
N3GG03.00-S,1,CP2,2020/03/08 06:41:37,97.85,0,1,32,6,2
N3GG04.00-S,1,CP2,2020/03/09 08:03:59,98.35,0,3,23,1,3
N3GG10.00-S,1,CP2,2020/03/09 23:12:32,97.31,0,2,38,2,7
N3GG11.00-S,1,CP2,2020/03/08 02:15:03,99,0,1,14,2,2
N3GG19.00-S,1,CP2,2020/03/10 17:05:06,98.55,0,0,21,1,6
N3GG28.00-S,1,CP2,2020/03/10 15:41:40,98.15,0,2,21,7,5
N3GG36.00-S,1,CP2,2020/03/09 01:24:29,96.81,4,6,47,2,3
N3GG47.00-S,1,CP2,2020/03/09 04:34:39,97.65,2,5,38,0,2
N3GG49.00-S,1,CP2,2020/03/10 10:55:54,97.11,0,2,48,2,5
N3GG59.00-S,1,CP2,2020/03/08 07:40:22,98,0,1,34,0,2
N3GG64.00-S,1,CP2,2020/03/10 18:17:43,98.45,0,2,25,0,3
N3HG34.00-S,1,CP2,2020/03/09 19:48:05,98.6,0,2,21,0,3
N3CA03.00-S,2,CP2,2020/03/08 05:07:19,95.81,1,7,63,0,7
N3CB83.00-S,2,CP2,2020/03/09 10:05:21,97.9,0,0,35,0,6
N3GB61.00-S,2,CP2,2020/03/08 02:14:15,97.26,0,3,47,2,2
N3GB71.00-S,2,CP2,2020/03/08 02:40:17,97.31,0,0,54,0,0
N3GB73.00-S,2,CP2,2020/03/09 02:47:57,98.2,0,3,29,0,1
N3GB75.00-S,2,CP2,2020/03/09 00:57:14,97.85,0,2,25,7,8
N3GB78.00-S,2,CP2,2020/03/08 01:35:54,97.85,0,0,40,0,2
N3GB80.00-S,2,CP2,2020/03/09 11:31:12,97.85,0,4,35,1,1
N3GB97.00-S,2,CP2,2020/03/08 23:24:23,97.8,0,8,33,0,3
N3GC00.00-S,2,CP2,2020/03/08 03:09:30,97.6,2,7,37,0,2
N3GC03.00-S,2,CP2,2020/03/09 19:30:39,98.55,0,3,25,0,1
N3GC06.00-S,2,CP2,2020/03/10 21:26:14,98.5,0,0,13,7,9
N3GC08.00-S,2,CP2,2020/03/08 03:14:22,98.95,0,2,14,2,1
N3GC09.00-S,2,CP2,2020/03/10 03:51:55,98.3,0,2,26,1,2
N3GC11.00-S,2,CP2,2020/03/08 04:03:51,97.5,0,1,48,0,0
N3GC17.00-S,2,CP2,2020/03/10 10:01:20,98.4,0,1,17,5,8
N3GC19.00-S,2,CP2,2020/03/08 16:59:49,98.25,0,0,30,0,2
N3GC27.00-S,2,CP2,2020/03/10 05:42:03,98.75,0,4,17,1,2
N3GC37.00-S,2,CP2,2020/03/09 20:45:42,96.46,4,6,42,14,5
N3GC37.00-S,2,CP2,2020/03/10 10:16:04,97.5,0,7,42,0,1
N3GC39.00-S,2,CP2,2020/03/09 14:59:24,97.46,0,0,48,0,1
N3GC42.00-S,2,CP2,2020/03/09 18:47:21,95.66,33,5,47,0,2
N3GC42.00-S,2,CP2,2020/03/10 06:11:45,97.26,0,5,47,0,2
N3GC74.00-S,2,CP2,2020/03/08 16:12:34,98.1,0,1,29,3,4
N3GC76.00-S,2,CP2,2020/03/08 12:30:32,97.26,0,6,44,0,5
N3GC80.00-S,2,CP2,2020/03/09 08:19:18,98.15,0,0,31,4,1
N3GC93.00-S,2,CP2,2020/03/08 17:41:53,97.21,0,2,45,3,4
N3GC94.00-S,2,CP2,2020/03/08 09:06:03,98.6,0,3,21,0,4
N3GG02.00-S,2,CP2,2020/03/09 13:09:58,95.81,0,3,41,11,8
N3GG02.00-S,2,CP2,2020/03/10 08:38:52,97.21,0,3,41,1,8
N3GG03.00-S,2,CP2,2020/03/08 07:06:09,98.3,0,0,27,1,3
N3GG04.00-S,2,CP2,2020/03/09 08:46:57,98.7,0,0,22,1,2
N3GG11.00-S,2,CP2,2020/03/08 02:40:44,97.7,0,3,31,4,6
N3GG16.00-S,2,CP2,2020/03/09 14:35:26,97.5,0,9,40,0,0
N3GG19.00-S,2,CP2,2020/03/10 17:38:49,98.35,0,0,32,0,0
N3GG28.00-S,2,CP2,2020/03/10 16:06:52,96.96,0,5,41,7,8
N3GG36.00-S,2,CP2,2020/03/09 01:50:13,97.36,0,3,42,2,3
N3GG47.00-S,2,CP2,2020/03/09 05:02:17,98.15,1,2,29,0,5
N3GG59.00-S,2,CP2,2020/03/08 08:03:39,97.85,0,10,30,0,1
N3GG64.00-S,2,CP2,2020/03/10 18:47:03,97.46,0,2,43,0,4
N3HG34.00-S,2,CP2,2020/03/09 20:24:58,98.45,0,0,28,0,1
N3CB82.00-S,3,CP2,2020/03/08 06:33:56,97.5,0,3,45,1,1
N3CB83.00-S,3,CP2,2020/03/09 10:29:26,97.8,2,6,33,0,1
N3CB93.00-S,3,CP2,2020/03/08 11:31:47,95.76,0,4,74,0,3
N3FN85.00-S,3,CP2,2020/03/08 03:12:59,97.26,1,2,49,2,1
N3GB61.00-S,3,CP2,2020/03/08 02:51:17,97.06,0,2,52,0,4
N3GB71.00-S,3,CP2,2020/03/08 03:04:47,97.5,0,2,40,1,4
N3GB72.00-S,3,CP2,2020/03/08 15:54:13,98.3,0,0,31,1,1
N3GB73.00-S,3,CP2,2020/03/09 03:17:24,98.2,3,2,26,0,2
N3GB75.00-S,3,CP2,2020/03/09 01:22:04,97.41,0,0,32,5,11
N3GB80.00-S,3,CP2,2020/03/09 11:45:25,98.15,0,6,29,0,1
N3GB97.00-S,3,CP2,2020/03/08 23:54:11,98.25,0,1,32,0,0
N3GC00.00-S,3,CP2,2020/03/08 03:40:15,97.95,0,1,32,0,6
N3GC03.00-S,3,CP2,2020/03/09 19:51:59,97.65,0,0,41,1,3
N3GC06.00-S,3,CP2,2020/03/10 21:51:02,98.85,0,1,9,8,4
N3GC08.00-S,3,CP2,2020/03/08 03:36:30,97.7,0,2,33,1,7
N3GC09.00-S,3,CP2,2020/03/10 04:13:38,98.5,0,2,23,4,1
N3GC12.00-S,3,CP2,2020/03/10 01:20:43,98.05,2,3,30,0,3
N3GC17.00-S,3,CP2,2020/03/10 10:26:12,97.41,1,2,34,7,4
N3GC27.00-S,3,CP2,2020/03/10 06:03:25,98.45,0,4,20,1,5
N3GC37.00-S,3,CP2,2020/03/09 21:08:00,96.96,0,5,39,11,5
N3GC37.00-S,3,CP2,2020/03/10 10:19:00,97.6,0,5,39,0,3
N3GC39.00-S,3,CP2,2020/03/09 15:20:58,98.25,1,2,30,0,1
N3GC42.00-S,3,CP2,2020/03/09 20:06:11,98.25,0,5,24,0,3
N3GC76.00-S,3,CP2,2020/03/08 12:54:55,97.9,0,3,34,2,3
N3GC79.00-S,3,CP2,2020/03/09 14:16:44,97.36,0,0,48,1,2
N3GC80.00-S,3,CP2,2020/03/09 08:40:46,97.5,0,5,33,9,2
N3GC91.00-S,3,CP2,2020/03/08 18:47:32,98.95,0,1,14,0,2
N3GC93.00-S,3,CP2,2020/03/08 18:18:49,97.36,0,0,42,5,3
N3GC94.00-S,3,CP2,2020/03/08 09:33:02,97.9,0,5,31,0,6
N3GG02.00-S,3,CP2,2020/03/09 13:34:51,97.31,0,2,38,10,2
N3GG03.00-S,3,CP2,2020/03/08 07:30:42,98.7,0,1,16,4,2
N3GG04.00-S,3,CP2,2020/03/09 09:11:07,98.5,0,2,25,0,2
N3GG10.00-S,3,CP2,2020/03/09 23:37:14,98.15,0,0,31,2,4
N3GG11.00-S,3,CP2,2020/03/08 03:04:17,99.1,0,2,13,0,1
N3GG16.00-S,3,CP2,2020/03/08 20:55:12,97.7,0,4,40,0,1
N3GG19.00-S,3,CP2,2020/03/10 18:00:39,98.65,0,1,23,1,2
N3GG28.00-S,3,CP2,2020/03/10 16:31:42,97.9,0,4,20,9,7
N3GG36.00-S,3,CP2,2020/03/09 02:15:16,97.5,0,2,43,2,1
N3GG47.00-S,3,CP2,2020/03/09 05:32:15,98.2,0,5,27,0,4
N3GG59.00-S,3,CP2,2020/03/08 08:33:05,97.9,1,2,37,0,0
N3GG64.00-S,3,CP2,2020/03/10 19:08:38,98.55,0,0,25,0,1
N3HG34.00-S,3,CP2,2020/03/09 20:52:38,98.8,0,2,17,0,3
N3CB83.00-S,4,CP2,2020/03/09 10:53:33,97.7,0,4,39,1,1
N3CB93.00-S,4,CP2,2020/03/08 11:55:43,97.01,0,2,49,1,6
N3GB61.00-S,4,CP2,2020/03/08 03:15:30,97.11,0,1,49,1,5
N3GB71.00-S,4,CP2,2020/03/08 03:26:19,97.41,0,1,45,2,2
N3GB72.00-S,4,CP2,2020/03/08 16:34:28,98.2,0,2,29,0,4
N3GB75.00-S,4,CP2,2020/03/09 01:46:43,98,0,4,28,5,2
N3GB80.00-S,4,CP2,2020/03/08 20:11:23,97.9,0,11,28,0,2
N3GB89.00-S,4,CP2,2020/03/08 04:21:33,96.76,0,3,57,0,3
N3GB97.00-S,4,CP2,2020/03/09 00:15:32,98.3,0,4,24,0,6
N3GC00.00-S,4,CP2,2020/03/08 04:04:39,98.35,0,2,25,0,4
N3GC03.00-S,4,CP2,2020/03/09 20:12:09,98.45,0,0,25,1,3
N3GC06.00-S,4,CP2,2020/03/10 22:12:55,97.65,0,5,23,7,10
N3GC08.00-S,4,CP2,2020/03/08 03:57:35,97.9,0,3,29,1,4
N3GC09.00-S,4,CP2,2020/03/10 04:38:44,98.45,0,1,23,2,4
N3GC17.00-S,4,CP2,2020/03/10 10:48:05,97.65,0,5,24,13,4
N3GC27.00-S,4,CP2,2020/03/10 06:23:39,98.6,0,8,13,1,4
N3GC37.00-S,4,CP2,2020/03/09 22:05:54,97.75,0,3,32,6,4
N3GC39.00-S,4,CP2,2020/03/09 15:46:55,97.85,0,1,38,1,1
N3GC42.00-S,4,CP2,2020/03/09 22:17:17,97.95,0,6,30,1,2
N3GC76.00-S,4,CP2,2020/03/09 20:59:17,96.71,3,3,55,0,1
N3GC79.00-S,4,CP2,2020/03/09 14:23:43,98,0,1,38,0,1
N3GC80.00-S,4,CP2,2020/03/09 09:05:18,98.05,0,2,28,5,3
N3GC93.00-S,4,CP2,2020/03/10 13:14:16,97.26,1,3,48,0,3
N3GC94.00-S,4,CP2,2020/03/08 09:57:00,98.75,0,0,22,0,1
N3GC95.00-S,4,CP2,2020/03/09 05:03:50,97.7,0,1,43,0,1
N3GG02.00-S,4,CP2,2020/03/09 14:00:14,97.7,0,0,33,9,2
N3GG03.00-S,4,CP2,2020/03/08 07:55:05,97.36,0,1,42,6,2
N3GG04.00-S,4,CP2,2020/03/09 09:38:14,98.7,0,4,12,1,3
N3GG10.00-S,4,CP2,2020/03/10 00:02:03,97.6,0,2,38,2,4
N3GG11.00-S,4,CP2,2020/03/08 03:29:12,99.15,0,2,10,2,1
N3GG19.00-S,4,CP2,2020/03/10 18:25:31,98.8,0,1,22,0,1
N3GG28.00-S,4,CP2,2020/03/10 16:56:06,97.01,0,4,36,12,5
N3GG47.00-S,4,CP2,2020/03/09 05:57:55,98.35,1,1,27,0,4
N3GG49.00-S,4,CP2,2020/03/10 11:22:45,97.7,1,1,38,0,4
N3GG59.00-S,4,CP2,2020/03/08 08:53:22,98.05,0,3,29,1,3
N3GG64.00-S,4,CP2,2020/03/10 19:32:59,98.2,0,0,31,0,1
N3HG34.00-S,4,CP2,2020/03/09 21:18:30,98.2,0,3,30,0,2
N3CA34.00-S,5,CP2,2020/03/08 02:29:23,94.61,0,0,102,0,3
N3CA57.00-S,5,CP2,2020/03/08 05:47:28,97.9,1,2,33,1,3
N3CB83.00-S,5,CP2,2020/03/09 11:18:44,97.5,1,2,43,0,2
N3CB93.00-S,5,CP2,2020/03/08 12:19:45,96.71,4,4,53,0,2
N3GB61.00-S,5,CP2,2020/03/08 03:39:39,96.01,0,6,67,0,3
N3GB71.00-S,5,CP2,2020/03/08 03:51:01,97.75,0,1,41,0,3
N3GB73.00-S,5,CP2,2020/03/08 19:05:26,98.15,0,2,26,0,6
N3GB75.00-S,5,CP2,2020/03/09 02:11:34,98.1,0,3,16,6,12
N3GB80.00-S,5,CP2,2020/03/08 20:16:09,98.55,0,5,21,0,3
N3GB83.00-S,5,CP2,2020/03/08 07:44:33,98.05,1,0,33,1,3
N3GB97.00-S,5,CP2,2020/03/09 00:39:29,98.7,1,1,20,2,2
N3GC00.00-S,5,CP2,2020/03/08 04:28:45,97.9,0,2,38,0,1
N3GC03.00-S,5,CP2,2020/03/09 20:33:20,98.5,0,1,25,1,1
N3GC06.00-S,5,CP2,2020/03/10 22:37:33,98.25,0,2,14,11,7
N3GC08.00-S,5,CP2,2020/03/08 04:17:59,98.3,0,2,29,0,3
N3GC09.00-S,5,CP2,2020/03/10 05:00:30,98.35,0,2,23,3,2
N3GC11.00-S,5,CP2,2020/03/08 04:33:26,96.76,0,1,58,2,3
N3GC17.00-S,5,CP2,2020/03/10 11:12:56,98.2,0,0,27,8,1
N3GC27.00-S,5,CP2,2020/03/10 06:45:48,98.2,2,2,29,1,1
N3GC37.00-S,5,CP2,2020/03/09 22:27:36,97.65,0,1,35,9,2
N3GC39.00-S,5,CP2,2020/03/09 16:17:59,97.55,0,4,39,0,4
N3GC42.00-S,5,CP2,2020/03/09 22:41:35,98.05,1,2,32,0,4
N3GC76.00-S,5,CP2,2020/03/08 13:16:32,96.81,1,5,42,1,8
N3GC79.00-S,5,CP2,2020/03/08 07:18:06,97.8,0,1,35,4,2
N3GC80.00-S,5,CP2,2020/03/09 09:29:45,97.7,0,3,31,7,2
N3GC89.00-S,5,CP2,2020/03/08 00:37:58,97.06,2,5,48,0,3
N3GC91.00-S,5,CP2,2020/03/08 18:52:01,97.6,0,1,39,1,4
N3GC93.00-S,5,CP2,2020/03/09 06:42:48,95.96,1,4,59,5,11
N3GC94.00-S,5,CP2,2020/03/08 10:21:05,97.21,0,4,51,0,1
N3GC95.00-S,5,CP2,2020/03/09 05:28:07,97.5,1,3,44,0,1
N3GG02.00-S,5,CP2,2020/03/09 14:21:45,97.36,0,2,37,11,2
N3GG02.00-S,5,CP2,2020/03/10 08:46:41,97.9,0,2,37,1,2
N3GG03.00-S,5,CP2,2020/03/08 08:16:34,98.8,0,0,19,3,1
N3GG04.00-S,5,CP2,2020/03/09 10:02:25,97.65,0,2,41,0,0
N3GG10.00-S,5,CP2,2020/03/10 00:23:57,97.75,0,1,36,2,5
N3GG11.00-S,5,CP2,2020/03/08 03:54:19,98.45,0,2,24,2,3
N3GG17.00-S,5,CP2,2020/03/08 12:27:33,98.2,0,4,25,4,2
N3GG19.00-S,5,CP2,2020/03/10 18:47:20,98.2,0,0,30,2,1
N3GG36.00-S,5,CP2,2020/03/09 02:36:55,97.7,0,2,43,0,0
N3GG47.00-S,5,CP2,2020/03/09 06:23:52,98.5,0,1,26,0,2
N3GG59.00-S,5,CP2,2020/03/08 09:17:37,97.01,16,11,30,1,1
N3GG59.00-S,5,CP2,2020/03/10 09:24:13,98.35,0,1,30,0,1
N3GG64.00-S,5,CP2,2020/03/10 19:54:34,98.8,0,0,19,0,3
N3HG34.00-S,5,CP2,2020/03/09 21:40:01,98.85,0,0,19,0,3
N3CB83.00-S,6,CP2,2020/03/09 11:42:50,97.55,1,2,42,0,4
N3CB93.00-S,6,CP2,2020/03/08 12:43:57,96.76,1,4,57,0,1
N3GB61.00-S,6,CP2,2020/03/08 04:06:58,97.31,0,3,45,0,3
N3GB71.00-S,6,CP2,2020/03/08 04:12:35,97.31,0,0,45,4,4
N3GB75.00-S,6,CP2,2020/03/09 02:36:31,97.85,0,1,31,6,4
N3GB97.00-S,6,CP2,2020/03/09 00:59:55,98.35,0,3,23,0,3
N3GC00.00-S,6,CP2,2020/03/08 04:55:41,97.95,0,3,33,0,2
N3GC03.00-S,6,CP2,2020/03/09 20:53:32,97.85,0,1,37,0,3
N3GC06.00-S,6,CP2,2020/03/10 22:59:31,98.2,0,4,20,8,4
N3GC08.00-S,6,CP2,2020/03/08 04:39:12,98.7,0,0,24,0,2
N3GC09.00-S,6,CP2,2020/03/10 05:25:33,97.8,3,6,28,1,6
N3GC17.00-S,6,CP2,2020/03/10 11:40:44,98.15,0,4,22,3,8
N3GC27.00-S,6,CP2,2020/03/10 07:06:00,98.25,1,8,22,0,1
N3GC37.00-S,6,CP2,2020/03/09 22:52:41,98.3,0,1,29,3,1
N3GC39.00-S,6,CP2,2020/03/09 16:40:57,97.36,0,0,51,0,1
N3GC42.00-S,6,CP2,2020/03/09 23:02:53,97.31,13,2,36,0,2
N3GC42.00-S,6,CP2,2020/03/10 06:17:51,97.95,0,2,36,0,2
N3GC76.00-S,6,CP2,2020/03/08 13:40:59,97.55,1,2,39,2,4
N3GC79.00-S,6,CP2,2020/03/08 07:49:53,98.3,0,1,28,3,1
N3GC80.00-S,6,CP2,2020/03/09 09:51:13,98.2,1,1,23,5,5
N3GC93.00-S,6,CP2,2020/03/08 18:43:28,98.1,0,2,31,2,2
N3GC94.00-S,6,CP2,2020/03/08 10:48:03,97.75,1,1,36,0,3
N3GC95.00-S,6,CP2,2020/03/09 05:53:52,96.76,0,6,55,0,3
N3GG02.00-S,6,CP2,2020/03/09 14:46:12,97.31,0,1,36,12,3
N3GG02.00-S,6,CP2,2020/03/10 08:49:30,97.9,0,1,36,2,3
N3GG03.00-S,6,CP2,2020/03/08 08:40:58,98.8,0,3,18,1,2
N3GG04.00-S,6,CP2,2020/03/09 10:26:34,98.05,0,3,33,0,3
N3GG10.00-S,6,CP2,2020/03/10 00:48:49,97.75,0,3,37,2,2
N3GG11.00-S,6,CP2,2020/03/08 04:16:12,98.4,0,1,27,0,1
N3GG17.00-S,6,CP2,2020/03/08 12:54:09,97.8,0,2,36,3,3
N3GG19.00-S,6,CP2,2020/03/10 19:12:23,97.5,0,0,45,4,1
N3GG28.00-S,6,CP2,2020/03/10 17:20:55,97.41,0,2,32,6,8
N3GG36.00-S,6,CP2,2020/03/09 03:01:48,97.6,0,0,42,5,1
N3GG47.00-S,6,CP2,2020/03/09 06:53:34,98.35,0,2,26,0,2
N3GG49.00-S,6,CP2,2020/03/10 11:47:43,97.75,0,4,30,4,4
N3GG59.00-S,6,CP2,2020/03/08 09:41:52,98.2,0,4,26,0,5
N3GG64.00-S,6,CP2,2020/03/10 20:18:57,98.05,1,0,34,0,1
N3HG34.00-S,6,CP2,2020/03/09 22:06:01,97.46,0,7,34,0,5
N3CB83.00-S,7,CP2,2020/03/09 12:07:10,97.26,1,3,45,0,4
N3CB93.00-S,7,CP2,2020/03/08 13:08:07,96.46,0,3,60,0,5
N3GB61.00-S,7,CP2,2020/03/08 00:36:45,96.21,0,1,68,0,4
N3GB71.00-S,7,CP2,2020/03/08 04:37:17,98,0,2,34,2,2
N3GB75.00-S,7,CP2,2020/03/09 03:01:11,97.26,0,1,40,3,9
N3GB97.00-S,7,CP2,2020/03/09 01:24:32,98.4,1,1,27,0,1
N3GC00.00-S,7,CP2,2020/03/08 05:19:39,98.2,0,2,32,0,2
N3GC03.00-S,7,CP2,2020/03/09 21:14:50,98.1,0,1,33,0,2
N3GC06.00-S,7,CP2,2020/03/10 23:24:16,98,0,5,15,9,9
N3GC08.00-S,7,CP2,2020/03/08 04:59:22,98.7,0,1,20,2,2
N3GC09.00-S,7,CP2,2020/03/10 05:47:28,98.1,0,0,32,0,3
N3GC11.00-S,7,CP2,2020/03/08 14:01:55,96.66,3,4,57,0,3
N3GC12.00-S,7,CP2,2020/03/08 00:00:36,96.86,0,5,39,6,6
N3GC17.00-S,7,CP2,2020/03/10 12:05:22,98.35,0,0,25,5,2
N3GC27.00-S,7,CP2,2020/03/10 07:27:54,98.55,0,9,17,0,2
N3GC37.00-S,7,CP2,2020/03/09 23:14:47,97.8,0,3,33,5,1
N3GC39.00-S,7,CP2,2020/03/09 17:06:52,97.5,0,0,44,0,6
N3GC42.00-S,7,CP2,2020/03/09 23:40:42,98.75,0,2,20,0,1
N3GC76.00-S,7,CP2,2020/03/08 14:02:37,97.95,0,1,32,0,6
N3GC79.00-S,7,CP2,2020/03/08 08:15:50,98.05,2,1,30,3,1
N3GC80.00-S,7,CP2,2020/03/09 10:15:32,98.1,1,0,25,8,1
N3GC91.00-S,7,CP2,2020/03/08 18:54:55,98.05,0,2,35,0,1
N3GC93.00-S,7,CP2,2020/03/09 07:07:27,95.11,0,3,77,5,10
N3GC94.00-S,7,CP2,2020/03/08 11:12:06,97.31,1,4,45,0,2
N3GG02.00-S,7,CP2,2020/03/10 15:05:44,94.06,1,12,69,16,15
N3GG03.00-S,7,CP2,2020/03/08 09:05:09,98.6,0,0,24,4,0
N3GG04.00-S,7,CP2,2020/03/09 10:53:42,97.01,0,2,46,0,8
N3GG10.00-S,7,CP2,2020/03/10 01:10:46,98.25,0,0,29,1,4
N3GG11.00-S,7,CP2,2020/03/08 04:41:05,98.1,1,1,32,1,1
N3GG17.00-S,7,CP2,2020/03/08 13:15:34,98.3,0,1,24,6,2
N3GG19.00-S,7,CP2,2020/03/10 19:34:03,98.1,2,3,28,1,3
N3GG36.00-S,7,CP2,2020/03/09 03:26:40,97.7,0,0,43,1,2
N3GG47.00-S,7,CP2,2020/03/09 07:19:33,97.5,1,3,42,0,3
N3GG59.00-S,7,CP2,2020/03/08 10:11:21,98.1,0,8,27,1,1
N3GG64.00-S,7,CP2,2020/03/10 20:40:31,97.8,0,2,36,1,3
N3HG34.00-S,7,CP2,2020/03/09 22:31:57,99,2,2,14,1,1
N3CB83.00-S,8,CP2,2020/03/09 12:28:12,97.55,3,5,36,0,4
N3CB93.00-S,8,CP2,2020/03/08 13:35:10,97.01,0,3,51,0,5
N3GB61.00-S,8,CP2,2020/03/09 04:47:55,96.61,1,4,56,0,3
N3GB71.00-S,8,CP2,2020/03/08 05:01:58,97.95,0,2,34,2,3
N3GB75.00-S,8,CP2,2020/03/09 03:28:54,97.6,0,1,35,6,6
N3GB81.00-S,8,CP2,2020/03/08 16:56:53,97.65,0,3,37,0,6
N3GB89.00-S,8,CP2,2020/03/08 18:13:29,95.61,0,11,56,1,19
N3GB97.00-S,8,CP2,2020/03/09 01:44:51,98.85,0,2,19,1,0
N3GC00.00-S,8,CP2,2020/03/08 05:43:47,98,0,3,33,0,4
N3GC03.00-S,8,CP2,2020/03/09 21:36:06,97.41,0,2,39,1,6
N3GC06.00-S,8,CP2,2020/03/10 23:49:05,97.95,0,3,14,14,8
N3GC08.00-S,8,CP2,2020/03/08 05:20:41,98.2,2,3,27,0,4
N3GC09.00-S,8,CP2,2020/03/10 06:12:19,98.5,1,1,26,0,2
N3GC12.00-S,8,CP2,2020/03/08 00:22:30,97.41,0,1,49,1,0
N3GC17.00-S,8,CP2,2020/03/10 12:30:09,98,0,0,29,7,2
N3GC27.00-S,8,CP2,2020/03/10 07:53:33,98.65,0,1,21,1,4
N3GC37.00-S,8,CP2,2020/03/09 23:39:58,97.16,0,2,41,8,6
N3GC39.00-S,8,CP2,2020/03/09 17:32:53,98.1,0,0,38,0,0
N3GC42.00-S,8,CP2,2020/03/10 02:19:25,98.1,0,0,35,1,1
N3GC76.00-S,8,CP2,2020/03/09 21:27:00,96.81,4,3,53,0,0
N3GC79.00-S,8,CP2,2020/03/08 08:40:42,98.55,0,0,21,0,4
N3GC80.00-S,8,CP2,2020/03/09 10:40:04,98.6,0,4,19,2,2
N3GC93.00-S,8,CP2,2020/03/08 19:04:59,97.6,0,4,35,3,6
N3GC94.00-S,8,CP2,2020/03/08 11:36:07,98.05,1,0,30,0,7
N3GC95.00-S,8,CP2,2020/03/09 06:23:41,97.31,1,5,46,0,1
N3GG02.00-S,8,CP2,2020/03/09 15:10:55,98,0,2,25,10,2
N3GG03.00-S,8,CP2,2020/03/08 09:26:36,98.35,0,2,28,1,1
N3GG04.00-S,8,CP2,2020/03/09 11:18:02,98.35,0,1,26,3,2
N3GG10.00-S,8,CP2,2020/03/10 01:35:44,97.5,1,3,36,3,7
N3GG11.00-S,8,CP2,2020/03/08 05:02:58,98.75,0,0,23,1,1
N3GG17.00-S,8,CP2,2020/03/08 13:40:08,98.55,0,1,24,2,2
N3GG19.00-S,8,CP2,2020/03/10 19:59:04,98.55,0,0,24,2,1
N3GG28.00-S,8,CP2,2020/03/10 17:47:11,97.11,0,1,39,10,6
N3GG36.00-S,8,CP2,2020/03/09 03:48:29,97.9,0,0,38,1,2
N3GG47.00-S,8,CP2,2020/03/09 07:45:19,97.9,0,2,33,0,4
N3GG59.00-S,8,CP2,2020/03/08 10:37:30,98.2,2,1,26,0,5
N3GG64.00-S,8,CP2,2020/03/10 21:05:08,97.65,0,6,34,0,3
N3HG34.00-S,8,CP2,2020/03/09 22:53:35,98.65,0,0,26,0,0
N3CB83.00-S,9,CP2,2020/03/09 12:52:23,96.81,1,1,56,0,5
N3CB93.00-S,9,CP2,2020/03/08 13:59:25,96.56,0,1,63,0,4
N3GB61.00-S,9,CP2,2020/03/08 04:31:10,96.51,0,3,59,0,6
N3GB71.00-S,9,CP2,2020/03/08 05:23:37,97.95,0,1,34,3,2
N3GB75.00-S,9,CP2,2020/03/09 03:53:36,98.3,0,2,16,9,5
N3GB80.04-S,9,CP2,2020/03/08 15:21:37,98.45,1,4,24,0,0
N3GB97.00-S,9,CP2,2020/03/09 02:08:50,98.5,0,3,24,0,0
N3GC00.00-S,9,CP2,2020/03/08 06:10:47,98.4,0,2,28,1,1
N3GC03.00-S,9,CP2,2020/03/09 21:56:15,98.75,0,3,16,0,5
N3GC08.00-S,9,CP2,2020/03/08 05:40:50,98.75,0,2,19,2,2
N3GC09.00-S,9,CP2,2020/03/10 06:34:10,98.15,0,2,32,2,1
N3GC12.00-S,9,CP2,2020/03/08 00:47:29,98.75,1,0,20,2,1
N3GC17.00-S,9,CP2,2020/03/10 12:52:01,98.3,0,0,25,7,2
N3GC27.00-S,9,CP2,2020/03/10 08:14:51,98.55,0,8,17,0,4
N3GC37.00-S,9,CP2,2020/03/10 00:01:50,97.46,0,1,37,7,5
N3GC39.00-S,9,CP2,2020/03/09 17:58:46,97.75,2,0,36,1,4
N3GC42.00-S,9,CP2,2020/03/10 02:44:18,98,0,2,34,1,3
N3GC71.00-S,9,CP2,2020/03/08 00:15:21,97.7,0,2,36,1,1
N3GC76.00-S,9,CP2,2020/03/08 20:18:40,96.56,1,2,60,0,4
N3GC79.00-S,9,CP2,2020/03/08 09:02:25,98.25,0,1,25,4,4
N3GC80.00-S,9,CP2,2020/03/09 11:04:21,97.95,1,3,28,8,0
N3GC93.00-S,9,CP2,2020/03/08 19:29:35,98.15,0,0,29,1,4
N3GC94.00-S,9,CP2,2020/03/08 12:03:07,98,0,0,40,0,0
N3GC95.00-S,9,CP2,2020/03/09 06:57:38,97.8,0,3,40,0,1
N3GG02.00-S,9,CP2,2020/03/09 15:35:38,97.26,0,1,21,28,5
N3GG02.00-S,9,CP2,2020/03/10 08:52:25,98.5,0,1,21,3,5
N3GG03.00-S,9,CP2,2020/03/08 09:50:52,98.65,0,2,21,4,0
N3GG04.00-S,9,CP2,2020/03/09 11:42:55,98.45,0,1,24,1,4
N3GG08.00-S,9,CP2,2020/03/08 00:13:06,97.21,0,2,44,4,3
N3GG10.00-S,9,CP2,2020/03/10 01:57:25,97.11,0,4,39,2,11
N3GG11.00-S,9,CP2,2020/03/08 05:27:58,98.65,0,0,20,2,4
N3GG17.00-S,9,CP2,2020/03/08 14:04:24,98.5,0,0,27,1,2
N3GG19.00-S,9,CP2,2020/03/10 20:20:54,98.25,0,0,31,0,2
N3GG28.00-S,9,CP2,2020/03/10 18:09:08,98.1,0,0,22,9,5
N3GG36.00-S,9,CP2,2020/03/09 04:13:27,97.7,1,1,42,2,0
N3GG47.00-S,9,CP2,2020/03/09 08:15:20,97.16,1,3,45,0,5
N3GG49.00-S,9,CP2,2020/03/10 12:09:30,98.8,0,1,19,1,3
N3GG59.00-S,9,CP2,2020/03/08 10:58:51,98.2,0,1,29,1,3
N3GG64.00-S,9,CP2,2020/03/10 21:26:34,98.3,0,3,25,0,3
N3HG34.00-S,9,CP2,2020/03/09 23:19:22,98.9,0,2,18,0,1
N3CB83.00-S,10,CP2,2020/03/09 13:16:36,97.06,1,4,52,0,1
N3CB93.00-S,10,CP2,2020/03/08 14:23:36,96.91,0,2,56,0,2
N3GB61.00-S,10,CP2,2020/03/08 01:04:00,96.01,0,6,64,0,6
N3GB71.00-S,10,CP2,2020/03/08 05:48:24,98.05,0,2,32,2,3
N3GB75.00-S,10,CP2,2020/03/09 04:18:37,97.41,1,1,26,17,5
N3GB75.00-S,10,CP2,2020/03/10 05:18:39,98.35,1,1,26,0,2
N3GB80.00-S,10,CP2,2020/03/08 20:20:49,98.2,0,8,23,0,2
N3GB97.00-S,10,CP2,2020/03/09 02:33:27,98.65,0,3,24,0,0
N3GC00.00-S,10,CP2,2020/03/08 06:34:53,97.85,0,10,30,0,1
N3GC03.00-S,10,CP2,2020/03/09 22:18:03,98.25,0,0,29,0,3
N3GC08.00-S,10,CP2,2020/03/08 06:02:21,98.35,1,1,29,1,0
N3GC09.00-S,10,CP2,2020/03/10 06:58:59,98.75,0,2,21,1,0
N3GC12.00-S,10,CP2,2020/03/08 01:09:27,98.05,1,1,33,0,2
N3GC17.00-S,10,CP2,2020/03/10 13:16:49,97.8,0,1,34,5,4
N3GC27.00-S,10,CP2,2020/03/10 08:39:40,97.7,2,4,33,1,5
N3GC37.00-S,10,CP2,2020/03/10 00:26:29,96.76,0,2,48,5,9
N3GC39.00-S,10,CP2,2020/03/09 18:20:24,97.65,0,3,41,1,1
N3GC42.00-S,10,CP2,2020/03/10 03:14:56,97.8,0,4,34,2,3
N3GC71.00-S,10,CP2,2020/03/08 00:39:31,97.16,0,4,45,2,2
N3GC76.00-S,10,CP2,2020/03/08 20:46:19,96.46,0,5,60,0,3
N3GC79.00-S,10,CP2,2020/03/08 09:27:05,97.6,0,4,31,4,6
N3GC80.00-S,10,CP2,2020/03/09 11:25:50,96.06,4,2,56,4,4
N3GC93.00-S,10,CP2,2020/03/08 19:51:17,97.95,0,1,29,7,3
N3GC94.00-S,10,CP2,2020/03/08 12:27:06,97.9,1,2,34,0,4
N3GG02.00-S,10,CP2,2020/03/09 15:59:12,97.65,0,2,26,16,1
N3GG02.00-S,10,CP2,2020/03/10 08:55:35,98.5,0,2,26,0,1
N3GG03.00-S,10,CP2,2020/03/08 10:15:14,97.26,0,0,46,5,0
N3GG04.00-S,10,CP2,2020/03/09 12:07:14,96.71,0,4,51,1,3
N3GG08.00-S,10,CP2,2020/03/08 00:34:46,97.11,0,2,43,8,1
N3GG11.00-S,10,CP2,2020/03/08 05:49:54,98.8,0,0,19,1,4
N3GG17.00-S,10,CP2,2020/03/08 14:28:46,97.6,0,0,34,12,2
N3GG17.00-S,10,CP2,2020/03/09 00:10:55,98.2,0,0,34,0,2
N3GG19.00-S,10,CP2,2020/03/10 20:45:55,98,1,2,33,3,0
N3GG28.00-S,10,CP2,2020/03/10 18:34:17,97.01,0,1,42,11,4
N3GG36.00-S,10,CP2,2020/03/09 04:35:09,97.36,0,3,44,3,3
N3GG47.00-S,10,CP2,2020/03/09 08:43:58,98,2,1,29,0,5
N3GG49.00-S,10,CP2,2020/03/10 12:34:27,98.05,1,1,34,1,0
N3GG59.00-S,10,CP2,2020/03/08 11:26:13,98.3,2,2,25,1,0
N3GG64.00-S,10,CP2,2020/03/10 21:51:10,98.55,0,1,26,0,1
N3HG34.00-S,10,CP2,2020/03/09 23:45:24,98.8,0,3,18,0,2
N3CB83.00-S,11,CP2,2020/03/09 13:37:43,98.25,1,3,28,0,3
N3CB93.00-S,11,CP2,2020/03/08 14:47:42,96.36,1,3,62,0,3
N3GB61.00-S,11,CP2,2020/03/08 04:55:22,97.65,0,5,35,2,3
N3GB71.00-S,11,CP2,2020/03/08 06:09:55,98,0,1,33,4,0
N3GB72.00-S,11,CP2,2020/03/08 16:41:36,98.8,0,3,17,0,2
N3GB75.00-S,11,CP2,2020/03/09 04:43:42,98.4,0,0,15,8,8
N3GB80.00-S,11,CP2,2020/03/08 20:25:54,97.31,1,7,41,0,3
N3GB97.00-S,11,CP2,2020/03/09 02:54:49,98.55,3,2,22,0,1
N3GC00.00-S,11,CP2,2020/03/08 06:58:55,97.7,0,4,41,0,1
N3GC03.00-S,11,CP2,2020/03/09 22:38:15,98.35,0,1,27,0,4
N3GC08.00-S,11,CP2,2020/03/08 06:22:33,98.4,0,0,29,0,3
N3GC09.00-S,11,CP2,2020/03/10 07:20:52,98.3,0,2,28,0,4
N3GC12.00-S,11,CP2,2020/03/08 01:34:27,98,2,3,26,2,2
N3GC17.00-S,11,CP2,2020/03/10 13:38:38,98.8,0,2,14,4,4
N3GC27.00-S,11,CP2,2020/03/10 09:09:47,98.35,0,4,22,2,4
N3GC37.00-S,11,CP2,2020/03/10 00:51:09,97.5,0,2,35,10,2
N3GC39.00-S,11,CP2,2020/03/09 18:46:18,98.25,0,1,34,0,0
N3GC42.00-S,11,CP2,2020/03/10 03:55:43,97.6,0,0,45,2,1
N3GC71.00-S,11,CP2,2020/03/08 01:06:49,98.45,0,0,27,1,2
N3GC76.00-S,11,CP2,2020/03/08 14:27:11,97.01,0,6,46,5,2
N3GC79.00-S,11,CP2,2020/03/08 09:48:46,97.46,0,1,42,4,3
N3GC80.00-S,11,CP2,2020/03/09 11:50:15,98,0,1,20,14,1
N3GC80.00-S,11,CP2,2020/03/10 02:57:16,98.6,0,1,20,2,1
N3GC93.00-S,11,CP2,2020/03/08 20:16:07,97.26,0,2,38,7,8
N3GC94.00-S,11,CP2,2020/03/08 12:51:03,97.8,0,0,38,1,4
N3GC95.00-S,11,CP2,2020/03/09 07:23:15,97.5,0,1,41,3,2
N3GG02.00-S,11,CP2,2020/03/09 16:23:49,97.7,0,0,22,20,2
N3GG02.00-S,11,CP2,2020/03/10 08:58:30,98.7,0,0,22,1,2
N3GG03.00-S,11,CP2,2020/03/08 10:39:44,98.5,0,1,22,2,1
N3GG04.00-S,11,CP2,2020/03/09 12:28:37,97.31,0,3,46,1,3
N3GG08.00-S,11,CP2,2020/03/08 00:59:30,97.6,0,2,37,3,5
N3GG10.00-S,11,CP2,2020/03/10 02:22:30,98.25,0,1,27,2,4
N3GG11.00-S,11,CP2,2020/03/08 06:14:50,99.1,0,1,12,1,3
N3GG17.00-S,11,CP2,2020/03/08 14:50:06,98.5,0,2,22,3,2
N3GG19.00-S,11,CP2,2020/03/10 21:10:58,98.25,0,0,31,3,0
N3GG28.00-S,11,CP2,2020/03/10 18:56:19,96.71,1,4,38,10,11
N3GG36.00-S,11,CP2,2020/03/09 05:00:08,98,0,1,35,1,2
N3GG47.00-S,11,CP2,2020/03/09 09:09:47,97.9,0,3,35,0,1
N3GG49.00-S,11,CP2,2020/03/10 12:56:15,97.75,0,2,37,6,0
N3GG59.00-S,11,CP2,2020/03/08 11:46:38,97.55,1,5,39,0,4
N3GG64.00-S,11,CP2,2020/03/10 22:12:34,97.9,0,1,32,0,5
N3HG34.00-S,11,CP2,2020/03/10 00:11:11,98.6,0,1,26,0,0
N3CA45.00-S,12,CP2,2020/03/08 19:39:02,97.31,0,3,35,0,2
N3CB83.00-S,12,CP2,2020/03/09 14:01:47,97.01,1,2,50,0,5
N3CB93.00-S,12,CP2,2020/03/09 06:24:50,95.21,0,6,81,1,3
N3GB61.00-S,12,CP2,2020/03/09 05:09:35,96.21,0,3,69,1,2
N3GB71.00-S,12,CP2,2020/03/08 06:34:43,98.1,0,4,24,5,3
N3GB75.00-S,12,CP2,2020/03/09 05:08:29,98.25,0,1,20,7,7
N3GB77.04-S,12,CP2,2020/03/08 08:08:31,98.05,0,7,28,1,1
N3GB80.00-S,12,CP2,2020/03/08 20:31:56,98.05,0,4,31,0,3
N3GB97.00-S,12,CP2,2020/03/09 03:15:22,98.4,0,1,27,0,3
N3GC00.00-S,12,CP2,2020/03/08 07:25:57,98.1,1,2,32,0,2
N3GC03.00-S,12,CP2,2020/03/09 22:59:23,98.05,0,1,34,2,1
N3GC08.00-S,12,CP2,2020/03/08 06:53:06,98.15,2,10,22,1,2
N3GC09.00-S,12,CP2,2020/03/10 07:45:40,98.1,2,4,26,3,2
N3GC12.00-S,12,CP2,2020/03/09 05:55:04,97.55,0,5,38,0,5
N3GC17.00-S,12,CP2,2020/03/10 14:03:13,97.85,1,4,25,7,6
N3GC27.00-S,12,CP2,2020/03/10 09:31:12,98.15,3,4,26,1,2
N3GC37.00-S,12,CP2,2020/03/10 01:12:58,97.26,0,1,38,11,5
N3GC37.00-S,12,CP2,2020/03/10 10:21:48,98,0,1,38,0,1
N3GC39.00-S,12,CP2,2020/03/09 19:12:11,98.3,0,1,31,0,0
N3GC42.00-S,12,CP2,2020/03/10 04:20:04,98.15,0,1,32,1,3
N3GC71.00-S,12,CP2,2020/03/08 01:30:56,97.65,0,1,39,3,2
N3GC76.00-S,12,CP2,2020/03/08 14:48:44,97.16,0,1,40,5,9
N3GC79.00-S,12,CP2,2020/03/08 10:13:22,97.9,0,0,33,4,3
N3GC80.00-S,12,CP2,2020/03/09 12:14:57,97.41,0,1,38,9,4
N3GC89.00-S,12,CP2,2020/03/08 16:36:46,97.95,0,3,29,4,4
N3GC93.00-S,12,CP2,2020/03/08 20:37:48,96.46,0,4,56,1,7
N3GC94.00-S,12,CP2,2020/03/09 12:52:33,98.65,0,1,22,3,0
N3GC95.00-S,12,CP2,2020/03/09 07:47:28,97.7,1,2,40,0,3
N3GG02.00-S,12,CP2,2020/03/09 16:48:41,97.41,0,0,25,24,1
N3GG02.00-S,12,CP2,2020/03/10 09:01:36,98.55,0,0,25,1,1
N3GG03.00-S,12,CP2,2020/03/08 11:01:02,98.1,0,5,25,6,0
N3GG04.00-S,12,CP2,2020/03/09 12:52:48,98.45,0,1,26,1,1
N3GG08.00-S,12,CP2,2020/03/08 01:21:11,98.45,0,2,19,7,3
N3GG10.00-S,12,CP2,2020/03/10 02:47:18,97.6,0,2,37,3,5
N3GG11.00-S,12,CP2,2020/03/08 06:36:49,97.55,0,5,36,2,5
N3GG17.00-S,12,CP2,2020/03/08 15:14:39,97.95,1,2,28,8,0
N3GG19.00-S,12,CP2,2020/03/10 21:32:50,98,0,2,37,1,0
N3GG36.00-S,12,CP2,2020/03/09 05:21:55,97.9,0,2,36,3,1
N3GG47.00-S,12,CP2,2020/03/09 09:39:54,98.3,0,4,26,0,4
N3GG49.00-S,12,CP2,2020/03/10 13:21:26,97.41,0,3,44,1,4
N3GG59.00-S,12,CP2,2020/03/08 12:12:01,97.85,0,9,29,0,4
N3GG64.00-S,12,CP2,2020/03/10 22:37:11,98.7,0,2,21,0,3
N3HG34.00-S,12,CP2,2020/03/10 00:32:49,97.46,0,4,44,0,0
N3CB83.00-S,13,CP2,2020/03/09 08:03:16,96.31,0,3,49,7,15
N3GB71.00-S,13,CP2,2020/03/08 17:17:29,97.5,0,3,37,4,5
N3GB74.00-S,13,CP2,2020/03/08 17:42:43,97.9,0,7,31,2,0
N3GB75.00-S,13,CP2,2020/03/09 04:24:16,98.6,0,0,24,0,3
N3GB80.00-S,13,CP2,2020/03/09 11:49:43,97.36,0,10,35,0,5
N3GB80.00-S,13,CP2,2020/03/10 05:10:34,97.8,0,1,35,0,5
N3GB84.00-S,13,CP2,2020/03/08 10:06:17,97.65,0,3,38,0,4
N3GB86.00-S,13,CP2,2020/03/08 08:54:24,97.01,0,3,47,0,8
N3GB97.00-S,13,CP2,2020/03/09 08:27:48,98.75,0,3,18,1,2
N3GC01.00-S,13,CP2,2020/03/09 01:32:19,96.01,0,3,74,0,3
N3GC03.00-S,13,CP2,2020/03/09 15:33:30,98.6,1,1,23,0,3
N3GC09.00-S,13,CP2,2020/03/10 02:38:04,97.95,11,5,18,0,6
N3GC09.00-S,13,CP2,2020/03/10 14:31:55,98.5,0,5,18,0,6
N3GC17.00-S,13,CP2,2020/03/10 18:57:42,98.7,0,4,21,0,1
N3GC19.00-S,13,CP2,2020/03/09 12:14:33,98.05,0,0,34,1,0
N3GC27.00-S,13,CP2,2020/03/09 17:42:20,98.45,0,1,23,4,1
N3GC37.00-S,13,CP2,2020/03/09 06:29:42,97.85,0,3,38,0,0
N3GC39.00-S,13,CP2,2020/03/10 01:12:57,98.05,0,1,35,0,2
N3GC42.00-S,13,CP2,2020/03/10 07:02:47,97.41,0,4,38,3,5
N3GC47.00-S,13,CP2,2020/03/08 13:32:47,98.2,0,1,28,2,4
N3GC71.00-S,13,CP2,2020/03/08 04:27:19,97.9,0,1,38,0,2
N3GC76.00-S,13,CP2,2020/03/08 08:00:18,97.6,1,4,41,0,1
N3GC80.00-S,13,CP2,2020/03/09 08:08:54,98,2,2,32,0,1
N3GC93.00-S,13,CP2,2020/03/09 14:40:03,96.71,0,6,51,0,5
N3GC94.00-S,13,CP2,2020/03/08 14:17:24,97.85,0,4,34,2,2
N3GC95.00-S,13,CP2,2020/03/08 19:14:17,97.16,0,1,54,1,1
N3GG02.00-S,13,CP2,2020/03/09 13:35:20,98.3,0,2,25,3,0
N3GG03.00-S,13,CP2,2020/03/08 09:39:07,98.7,0,1,23,0,0
N3GG04.00-S,13,CP2,2020/03/08 14:00:17,98.1,0,1,32,0,5
N3GG09.00-S,13,CP2,2020/03/08 12:55:20,98.4,0,2,28,0,0
N3GG10.00-S,13,CP2,2020/03/08 23:32:01,97.75,0,3,35,0,4
N3GG11.00-S,13,CP2,2020/03/08 15:38:49,98.45,0,4,24,0,1
N3GG19.00-S,13,CP2,2020/03/10 15:27:41,97.85,0,1,39,0,1
N3GG36.00-S,13,CP2,2020/03/08 20:02:05,97.8,0,2,42,0,0
N3GG47.00-S,13,CP2,2020/03/09 16:24:40,97.95,0,3,26,0,7
N3GG59.00-S,13,CP2,2020/03/08 23:47:30,97.26,0,2,42,1,6
N3GG64.00-S,13,CP2,2020/03/10 14:23:56,98.05,0,2,27,3,3
N3HG34.00-S,13,CP2,2020/03/10 00:47:58,97.7,0,2,38,0,3
N3CB83.00-S,14,CP2,2020/03/09 08:46:23,96.11,0,3,50,8,14
N3CB83.00-S,14,CP2,2020/03/10 04:45:22,96.96,0,3,50,0,5
N3GB69.00-S,14,CP2,2020/03/08 09:20:55,97.8,1,4,29,3,4
N3GB74.00-S,14,CP2,2020/03/08 18:24:27,98.9,0,2,18,1,1
N3GB75.00-S,14,CP2,2020/03/09 04:53:40,98.8,0,3,17,0,3
N3GB97.00-S,14,CP2,2020/03/09 09:15:03,97.8,2,3,33,2,3
N3GC03.00-S,14,CP2,2020/03/09 16:03:49,98.85,0,1,18,0,4
N3GC07.00-S,14,CP2,2020/03/10 04:01:21,98.1,0,2,29,3,0
N3GC09.00-S,14,CP2,2020/03/10 03:09:31,98.25,1,3,29,0,2
N3GC17.00-S,14,CP2,2020/03/10 19:39:45,98.05,2,2,18,0,1
N3GC19.00-S,14,CP2,2020/03/08 01:49:10,98.3,0,2,28,2,2
N3GC27.00-S,14,CP2,2020/03/09 18:15:16,98.65,2,1,18,2,4
N3GC37.00-S,14,CP2,2020/03/09 06:56:04,97.7,0,5,40,0,1
N3GC39.00-S,14,CP2,2020/03/10 01:44:52,97.75,0,3,40,0,0
N3GC42.00-S,14,CP2,2020/03/10 07:32:21,97.7,0,1,26,8,7
N3GC47.00-S,14,CP2,2020/03/08 14:05:32,98.35,0,1,29,0,3
N3GC71.00-S,14,CP2,2020/03/08 04:53:16,98.05,0,0,36,0,2
N3GC76.00-S,14,CP2,2020/03/08 08:54:42,97.16,0,6,45,0,3
N3GC80.00-S,14,CP2,2020/03/09 08:46:38,98.4,0,1,28,0,2
N3GC93.00-S,14,CP2,2020/03/09 00:01:03,96.56,1,3,53,0,4
N3GC94.00-S,14,CP2,2020/03/08 14:45:48,98.2,0,5,24,2,4
N3GC95.00-S,14,CP2,2020/03/08 19:41:16,97.65,0,1,43,0,2
N3GG02.00-S,14,CP2,2020/03/09 13:58:49,98.25,0,2,28,4,1
N3GG03.00-S,14,CP2,2020/03/08 10:04:15,98.8,1,1,18,0,3
N3GG04.00-S,14,CP2,2020/03/08 14:35:54,97.06,0,4,45,0,9
N3GG09.00-S,14,CP2,2020/03/08 13:23:09,98.2,0,2,31,0,1
N3GG10.00-S,14,CP2,2020/03/09 00:00:55,97.6,0,4,35,0,5
N3GG11.00-S,14,CP2,2020/03/08 16:34:25,98,0,0,31,0,5
N3GG19.00-S,14,CP2,2020/03/10 16:00:19,98.25,0,2,31,0,0
N3GG36.00-S,14,CP2,2020/03/08 20:29:17,97.46,0,1,47,0,2
N3GG47.00-S,14,CP2,2020/03/09 16:50:44,97.6,0,3,40,0,5
N3GG59.00-S,14,CP2,2020/03/09 00:14:02,98.5,0,1,26,0,2
N3GG64.00-S,14,CP2,2020/03/10 14:48:59,97.7,0,1,33,7,3
N3HG34.00-S,14,CP2,2020/03/10 01:16:54,98.8,0,0,21,1,1
N3CB83.00-S,15,CP2,2020/03/09 09:11:26,96.46,0,1,40,15,13
N3CB83.00-S,15,CP2,2020/03/10 04:59:17,97.65,0,1,40,1,3
N3GB69.00-S,15,CP2,2020/03/08 09:47:31,98.35,0,2,25,0,2
N3GB74.00-S,15,CP2,2020/03/08 18:44:38,98.7,0,0,20,2,2
N3GB75.00-S,15,CP2,2020/03/09 05:17:44,98.6,1,1,22,0,4
N3GB90.00-S,15,CP2,2020/03/08 15:27:43,97.95,1,2,29,4,4
N3GB97.00-S,15,CP2,2020/03/09 09:40:04,98.15,1,7,24,2,3
N3GC03.00-S,15,CP2,2020/03/09 16:27:59,98.2,5,0,28,0,1
N3GC07.00-S,15,CP2,2020/03/09 08:01:50,97.75,0,2,40,0,1
N3GC09.00-S,15,CP2,2020/03/10 03:40:39,98.25,0,3,28,0,2
N3GC17.00-S,15,CP2,2020/03/10 20:02:12,98.5,1,1,21,0,7
N3GC19.00-S,15,CP2,2020/03/08 02:14:23,97.6,0,0,36,3,8
N3GC27.00-S,15,CP2,2020/03/09 18:37:18,98.85,0,2,21,0,0
N3GC37.00-S,15,CP2,2020/03/09 07:16:07,98.1,0,0,31,0,4
N3GC39.00-S,15,CP2,2020/03/10 02:06:24,97.75,0,2,42,0,1
N3GC42.00-S,15,CP2,2020/03/10 07:57:41,97.85,1,1,27,8,4
N3GC47.00-S,15,CP2,2020/03/08 14:29:36,98.55,0,4,23,0,1
N3GC71.00-S,15,CP2,2020/03/08 05:14:28,98.1,0,1,35,0,2
N3GC76.00-S,15,CP2,2020/03/08 09:19:14,97.6,0,3,41,0,4
N3GC80.00-S,15,CP2,2020/03/09 09:11:14,98.55,1,2,23,0,0
N3GC93.00-S,15,CP2,2020/03/09 00:25:51,98,0,2,35,0,1
N3GC94.00-S,15,CP2,2020/03/08 15:07:40,97.9,2,4,30,4,0
N3GC95.00-S,15,CP2,2020/03/08 20:14:01,97.7,0,1,45,0,0
N3GG02.00-S,15,CP2,2020/03/09 14:20:04,98.2,0,4,27,4,0
N3GG03.00-S,15,CP2,2020/03/08 10:25:39,98.2,0,2,30,0,1
N3GG04.00-S,15,CP2,2020/03/08 15:00:22,98.75,0,2,21,0,2
N3GG09.00-S,15,CP2,2020/03/08 13:43:25,98.55,1,1,26,0,1
N3GG10.00-S,15,CP2,2020/03/09 00:24:56,98.75,0,2,19,1,2
N3GG11.00-S,15,CP2,2020/03/08 16:55:44,98.7,0,2,20,0,4
N3GG17.00-S,15,CP2,2020/03/08 00:07:35,98.45,0,1,29,0,0
N3GG19.00-S,15,CP2,2020/03/10 16:21:36,99.05,0,0,19,0,0
N3GG36.00-S,15,CP2,2020/03/08 20:51:00,98,0,2,36,1,1
N3GG47.00-S,15,CP2,2020/03/09 17:12:11,98.5,0,2,27,0,0
N3GG59.00-S,15,CP2,2020/03/09 00:41:09,98.25,0,5,25,0,4
N3GG64.00-S,15,CP2,2020/03/10 15:14:09,96.91,0,2,47,3,3
N3HG34.00-S,15,CP2,2020/03/10 01:37:03,98,0,3,33,1,0
N3CB83.00-S,16,CP2,2020/03/09 09:36:11,96.86,0,2,41,8,10
N3CB83.00-S,16,CP2,2020/03/10 13:52:38,97.8,0,2,41,0,0
N3GB61.00-S,16,CP2,2020/03/08 02:20:38,96.76,2,1,56,2,3
N3GB69.00-S,16,CP2,2020/03/08 10:12:32,98.7,0,1,24,0,1
N3GB74.00-S,16,CP2,2020/03/08 19:06:02,98.9,0,1,17,1,1
N3GB75.00-S,16,CP2,2020/03/09 05:41:52,98.25,0,1,27,0,3
N3GB96.00-S,16,CP2,2020/03/08 19:41:05,97.9,0,7,33,0,1
N3GB97.00-S,16,CP2,2020/03/09 10:05:08,98.25,4,4,25,0,2
N3GC03.00-S,16,CP2,2020/03/09 16:52:19,98.7,1,1,20,0,1
N3GC09.00-S,16,CP2,2020/03/10 04:07:53,97.75,0,3,39,0,1
N3GC17.00-S,16,CP2,2020/03/10 20:26:49,98.65,1,3,22,0,1
N3GC19.00-S,16,CP2,2020/03/08 02:35:40,97.8,0,0,31,5,5
N3GC27.00-S,16,CP2,2020/03/09 19:02:15,98.35,4,7,15,2,3
N3GC29.00-S,16,CP2,2020/03/09 05:36:41,96.56,0,3,61,2,2
N3GC37.00-S,16,CP2,2020/03/09 07:37:27,97.41,0,1,46,1,2
N3GC39.00-S,16,CP2,2020/03/10 02:31:15,97.9,0,2,35,0,4
N3GC42.00-S,16,CP2,2020/03/10 08:24:11,97.6,1,1,29,9,4
N3GC47.00-S,16,CP2,2020/03/08 14:56:40,98.25,1,0,28,0,6
N3GC71.00-S,16,CP2,2020/03/08 05:38:51,97.95,0,0,39,0,1
N3GC76.00-S,16,CP2,2020/03/08 09:43:37,98.3,0,2,31,0,0
N3GC80.00-S,16,CP2,2020/03/09 09:35:50,98.15,0,7,26,0,4
N3GC90.00-S,16,CP2,2020/03/08 15:44:30,96.56,0,3,53,5,7
N3GC93.00-S,16,CP2,2020/03/10 01:58:00,97.95,0,0,40,0,1
N3GC94.00-S,16,CP2,2020/03/08 15:32:40,97.8,0,5,33,0,4
N3GG02.00-S,16,CP2,2020/03/09 14:40:16,98.45,0,3,23,2,1
N3GG03.00-S,16,CP2,2020/03/08 10:49:56,98.75,0,1,19,0,4
N3GG04.00-S,16,CP2,2020/03/08 15:22:00,97.65,0,1,41,0,4
N3GG09.00-S,16,CP2,2020/03/08 14:04:51,97.16,0,5,45,2,4
N3GG10.00-S,16,CP2,2020/03/09 00:48:56,97.5,0,1,42,0,3
N3GG11.00-S,16,CP2,2020/03/08 17:20:09,98.45,0,2,28,0,1
N3GG17.00-S,16,CP2,2020/03/08 00:28:49,98.5,1,1,23,0,4
N3GG19.00-S,16,CP2,2020/03/10 16:41:47,98.55,0,0,28,0,0
N3GG36.00-S,16,CP2,2020/03/08 21:15:50,97.9,0,0,39,3,0
N3GG47.00-S,16,CP2,2020/03/09 17:36:44,98.35,0,1,29,0,3
N3GG59.00-S,16,CP2,2020/03/09 01:05:19,98.5,0,1,24,0,3
N3GG64.00-S,16,CP2,2020/03/10 15:36:37,98.05,1,1,24,5,5
N3HG34.00-S,16,CP2,2020/03/10 18:04:53,96.26,2,5,48,0,11
N3CA47.00-S,17,CP2,2020/03/08 19:35:03,98.1,0,0,32,0,4
N3CB83.00-S,17,CP2,2020/03/09 10:20:56,97.26,0,3,27,9,15
N3CB83.00-S,17,CP2,2020/03/10 14:01:55,98.1,0,3,27,0,7
N3GB69.00-S,17,CP2,2020/03/08 10:37:31,98.85,0,2,19,0,2
N3GB74.00-S,17,CP2,2020/03/08 19:26:17,97.95,0,2,35,2,1
N3GB75.00-S,17,CP2,2020/03/09 06:08:59,98.75,0,0,20,1,2
N3GB97.00-S,17,CP2,2020/03/09 10:27:18,98.4,3,7,19,0,1
N3GC03.00-S,17,CP2,2020/03/09 17:13:32,98.45,1,4,24,0,1
N3GC07.00-S,17,CP2,2020/03/09 08:15:57,98.3,0,1,27,1,2
N3GC09.00-S,17,CP2,2020/03/10 04:29:08,97.41,3,7,39,0,2
N3GC17.00-S,17,CP2,2020/03/10 20:48:23,98.8,1,0,20,0,2
N3GC19.00-S,17,CP2,2020/03/08 02:59:57,97.85,0,2,27,10,4
N3GC27.00-S,17,CP2,2020/03/09 19:24:37,97.8,15,3,26,0,0
N3GC27.00-S,17,CP2,2020/03/10 07:19:59,98.55,0,3,26,0,0
N3GC37.00-S,17,CP2,2020/03/09 07:57:32,97.95,0,3,35,1,1
N3GC39.00-S,17,CP2,2020/03/10 02:52:38,97.26,0,2,50,0,3
N3GC42.00-S,17,CP2,2020/03/10 08:49:50,97.11,9,4,31,7,5
N3GC42.00-S,17,CP2,2020/03/10 14:36:20,97.9,0,4,31,0,5
N3GC47.00-S,17,CP2,2020/03/09 06:36:31,97.55,0,6,37,0,4
N3GC71.00-S,17,CP2,2020/03/08 06:03:06,97.95,0,0,40,0,1
N3GC76.00-S,17,CP2,2020/03/08 10:05:12,96.66,0,3,59,0,2
N3GC80.00-S,17,CP2,2020/03/09 09:57:24,98.25,4,2,25,0,0
N3GC93.00-S,17,CP2,2020/03/09 00:50:23,97.16,0,1,49,0,7
N3GC94.00-S,17,CP2,2020/03/08 15:57:42,98.2,0,1,28,1,4
N3GG02.00-S,17,CP2,2020/03/09 15:01:28,98.1,0,1,30,2,4
N3GG03.00-S,17,CP2,2020/03/08 11:14:20,98.05,0,2,30,0,3
N3GG04.00-S,17,CP2,2020/03/08 15:46:22,98.05,0,3,32,0,3
N3GG05.00-S,17,CP2,2020/03/08 00:12:53,97.8,0,3,35,0,4
N3GG09.00-S,17,CP2,2020/03/08 14:25:29,97.95,0,2,34,0,4
N3GG10.00-S,17,CP2,2020/03/09 22:08:21,96.51,0,10,41,0,15
N3GG10.00-S,17,CP2,2020/03/10 09:05:05,96.61,0,8,41,0,15
N3GG11.00-S,17,CP2,2020/03/08 17:41:26,98.35,0,2,29,0,1
N3GG17.00-S,17,CP2,2020/03/08 00:53:17,98.2,0,4,28,0,2
N3GG19.00-S,17,CP2,2020/03/10 17:03:04,98.05,0,2,35,0,1
N3GG36.00-S,17,CP2,2020/03/08 21:40:49,97.75,0,2,38,5,0
N3GG47.00-S,17,CP2,2020/03/09 17:58:10,97.41,1,3,44,0,3
N3GG59.00-S,17,CP2,2020/03/09 01:29:28,96.96,0,2,53,0,4
N3GG64.00-S,17,CP2,2020/03/10 16:01:56,97.31,0,3,41,3,5
N3HG34.00-S,17,CP2,2020/03/10 01:58:17,98.6,0,1,21,2,3
N3CB83.00-S,18,CP2,2020/03/09 10:45:47,97.85,0,2,25,8,8
N3CB83.00-S,18,CP2,2020/03/10 14:04:57,98.45,0,2,25,0,4
N3CC16.00-S,18,CP2,2020/03/08 16:09:09,96.91,0,2,57,0,2
N3GB69.00-S,18,CP2,2020/03/08 10:59:13,97.7,0,3,40,0,2
N3GB74.00-S,18,CP2,2020/03/08 19:47:33,98.5,0,4,23,2,0
N3GB75.00-S,18,CP2,2020/03/09 06:33:03,98.6,0,3,24,0,0
N3GB97.00-S,18,CP2,2020/03/09 10:52:19,98.35,1,4,22,1,2
N3GC03.00-S,18,CP2,2020/03/09 17:37:36,98.45,0,1,25,0,2
N3GC09.00-S,18,CP2,2020/03/10 04:53:13,98.4,1,0,28,0,3
N3GC17.00-S,18,CP2,2020/03/10 21:13:03,98,1,5,32,0,2
N3GC19.00-S,18,CP2,2020/03/08 03:24:29,98.15,0,0,31,3,1
N3GC27.00-S,18,CP2,2020/03/09 19:55:08,97.75,5,4,32,2,0
N3GC37.00-S,18,CP2,2020/03/09 08:18:46,97.95,0,2,37,0,1
N3GC39.00-S,18,CP2,2020/03/10 03:17:10,97.65,0,2,41,0,3
N3GC42.00-S,18,CP2,2020/03/10 09:19:06,97.85,0,4,22,12,4
N3GC47.00-S,18,CP2,2020/03/08 15:20:41,97.46,0,8,36,0,5
N3GC71.00-S,18,CP2,2020/03/08 06:24:34,97.95,0,2,35,0,2
N3GC76.00-S,18,CP2,2020/03/08 10:29:33,97.36,0,1,48,0,3
N3GC80.00-S,18,CP2,2020/03/09 10:22:13,97.41,2,4,39,0,3
N3GC93.00-S,18,CP2,2020/03/09 15:04:43,95.86,2,2,75,0,3
N3GC94.00-S,18,CP2,2020/03/08 16:19:36,98.15,0,3,29,1,4
N3GC95.00-S,18,CP2,2020/03/08 20:40:17,97.7,0,1,40,1,3
N3GG02.00-S,18,CP2,2020/03/09 15:21:41,98.55,0,3,23,3,0
N3GG03.00-S,18,CP2,2020/03/08 11:50:25,99.2,1,0,15,0,0
N3GG04.00-S,18,CP2,2020/03/08 16:10:56,97.01,0,3,50,0,5
N3GG05.00-S,18,CP2,2020/03/08 00:33:09,98.75,0,5,19,0,1
N3GG09.00-S,18,CP2,2020/03/08 14:46:50,98.2,0,4,27,1,3
N3GG10.00-S,18,CP2,2020/03/09 01:16:01,97.85,0,4,32,0,4
N3GG11.00-S,18,CP2,2020/03/08 18:05:48,98.15,0,2,32,0,2
N3GG17.00-S,18,CP2,2020/03/08 01:14:34,98.4,0,2,28,0,2
N3GG19.00-S,18,CP2,2020/03/10 17:23:10,98.65,0,0,24,1,2
N3GG36.00-S,18,CP2,2020/03/08 22:02:37,97.5,0,4,40,3,2
N3GG47.00-S,18,CP2,2020/03/09 18:22:35,97.55,0,4,39,0,5
N3GG59.00-S,18,CP2,2020/03/09 01:56:47,98.45,0,2,24,0,4
N3GG64.00-S,18,CP2,2020/03/10 16:27:34,97.65,0,4,34,5,2
N3HG34.00-S,18,CP2,2020/03/10 02:18:28,98.35,0,2,23,1,6
N3CB83.00-S,19,CP2,2020/03/09 11:10:33,97.5,1,1,36,5,7
N3CC16.00-S,19,CP2,2020/03/08 01:42:24,96.76,2,5,50,0,5
N3GB63.00-S,19,CP2,2020/03/08 14:40:46,95.66,0,3,76,0,7
N3GB69.00-S,19,CP2,2020/03/08 11:24:08,97.75,0,0,39,0,5
N3GB74.00-S,19,CP2,2020/03/08 20:09:13,98.05,0,2,34,3,0
N3GB75.00-S,19,CP2,2020/03/09 06:57:06,97.41,0,1,45,0,3
N3GB81.00-S,19,CP2,2020/03/08 17:06:21,97.75,0,0,37,6,0
N3GB97.00-S,19,CP2,2020/03/09 11:14:13,98.3,2,4,19,4,3
N3GC03.00-S,19,CP2,2020/03/09 18:01:41,98.25,2,2,28,0,3
N3GC09.00-S,19,CP2,2020/03/10 05:17:28,97.55,1,2,37,1,5
N3GC17.00-S,19,CP2,2020/03/10 21:37:37,98.35,0,2,31,0,0
N3GC19.00-S,19,CP2,2020/03/08 03:45:45,97.8,1,1,37,5,0
N3GC27.00-S,19,CP2,2020/03/09 20:17:25,98.05,0,8,27,2,1
N3GC28.00-S,19,CP2,2020/03/08 03:39:01,93.91,1,1,115,0,5
N3GC37.00-S,19,CP2,2020/03/09 08:39:15,97.65,0,1,42,0,2
N3GC39.00-S,19,CP2,2020/03/10 03:38:52,97.36,0,4,43,0,3
N3GC42.00-S,19,CP2,2020/03/10 09:45:03,96.36,29,5,33,1,5
N3GC47.00-S,19,CP2,2020/03/08 15:44:43,98.15,1,2,32,0,2
N3GC71.00-S,19,CP2,2020/03/08 06:48:51,97.65,0,5,41,0,1
N3GC76.00-S,19,CP2,2020/03/08 10:51:02,96.71,0,4,56,0,5
N3GC80.00-S,19,CP2,2020/03/09 10:43:39,97.65,0,3,39,0,2
N3GC89.00-S,19,CP2,2020/03/08 05:47:38,93.96,0,14,77,0,25
N3GC89.00-S,19,CP2,2020/03/08 19:20:37,94.01,0,14,77,0,24
N3GC91.00-S,19,CP2,2020/03/10 14:06:11,97.06,0,0,47,2,6
N3GC93.00-S,19,CP2,2020/03/09 01:11:51,96.46,1,3,55,0,9
N3GC94.00-S,19,CP2,2020/03/08 16:44:32,97.55,0,1,46,1,1
N3GC95.00-S,19,CP2,2020/03/08 21:04:20,97.7,0,3,38,0,1
N3GG02.00-S,19,CP2,2020/03/09 15:43:05,98.15,0,2,29,4,2
N3GG03.00-S,19,CP2,2020/03/08 12:14:52,98.85,0,2,18,0,1
N3GG04.00-S,19,CP2,2020/03/08 16:32:20,97.7,0,4,36,1,5
N3GG05.00-S,19,CP2,2020/03/08 00:56:29,98.75,2,3,17,0,3
N3GG09.00-S,19,CP2,2020/03/08 15:07:28,97.85,1,3,35,1,3
N3GG10.00-S,19,CP2,2020/03/10 00:31:01,96.16,0,10,46,0,16
N3GG10.00-S,19,CP2,2020/03/10 08:45:16,96.21,0,10,46,0,16
N3GG11.00-S,19,CP2,2020/03/08 18:30:07,98.95,0,0,18,0,3
N3GG16.00-S,19,CP2,2020/03/09 01:29:30,97.01,0,1,55,0,2
N3GG17.00-S,19,CP2,2020/03/08 01:39:01,98.15,0,1,32,0,3
N3GG19.00-S,19,CP2,2020/03/10 17:44:30,98.2,0,0,31,2,3
N3GG36.00-S,19,CP2,2020/03/08 22:27:41,97.7,1,0,42,2,0
N3GG47.00-S,19,CP2,2020/03/09 18:44:09,98.35,1,0,30,0,0
N3GG59.00-S,19,CP2,2020/03/09 02:20:58,98.55,0,2,23,0,3
N3GG64.00-S,19,CP2,2020/03/10 16:49:58,98.15,0,2,32,2,0
N3HG34.00-S,19,CP2,2020/03/10 02:39:41,98.6,0,1,27,0,0
N3CB83.00-S,20,CP2,2020/03/09 11:35:34,97.36,2,4,31,7,9
N3GB69.00-S,20,CP2,2020/03/08 11:45:46,97.7,0,1,38,2,5
N3GB73.00-S,20,CP2,2020/03/08 19:40:30,94.56,0,4,96,0,5
N3GB74.00-S,20,CP2,2020/03/08 20:29:24,98.55,0,5,18,3,2
N3GB75.00-S,20,CP2,2020/03/09 07:24:13,98.45,0,1,23,0,5
N3GB97.00-S,20,CP2,2020/03/09 11:39:33,97.75,1,8,28,2,4
N3GB98.00-S,20,CP2,2020/03/08 18:12:19,97.8,0,0,42,0,1
N3GC00.00-S,20,CP2,2020/03/08 02:15:01,97.41,0,6,43,0,1
N3GC03.00-S,20,CP2,2020/03/09 18:22:57,98.55,0,1,26,0,2
N3GC09.00-S,20,CP2,2020/03/10 05:43:43,97.9,0,2,37,0,2
N3GC17.00-S,20,CP2,2020/03/10 21:59:19,97.6,0,3,41,0,1
N3GC19.00-S,20,CP2,2020/03/08 04:10:03,98.05,0,4,25,5,3
N3GC27.00-S,20,CP2,2020/03/09 20:51:59,98.1,0,10,21,3,3
N3GC37.00-S,20,CP2,2020/03/09 09:00:30,98.25,0,1,34,0,0
N3GC39.00-S,20,CP2,2020/03/10 04:03:32,97.26,2,1,49,0,3
N3GC42.00-S,20,CP2,2020/03/10 10:50:38,98.1,0,1,24,8,5
N3GC47.00-S,20,CP2,2020/03/08 16:11:47,98.3,0,2,27,0,4
N3GC71.00-S,20,CP2,2020/03/08 07:10:12,97.6,1,0,42,0,3
N3GC76.00-S,20,CP2,2020/03/08 11:15:31,97.9,0,1,40,0,1
N3GC80.00-S,20,CP2,2020/03/09 11:08:33,97.55,0,2,42,0,1
N3GC91.00-S,20,CP2,2020/03/10 14:36:50,97.41,0,2,44,3,2
N3GC93.00-S,20,CP2,2020/03/09 01:36:13,97.9,1,2,38,0,0
N3GC94.00-S,20,CP2,2020/03/08 17:06:20,98.25,0,2,31,0,2
N3GG02.00-S,20,CP2,2020/03/09 16:04:31,98.1,0,0,31,3,4
N3GG03.00-S,20,CP2,2020/03/08 12:36:17,98.65,0,1,21,0,1
N3GG04.00-S,20,CP2,2020/03/08 16:57:01,98.25,0,1,30,0,3
N3GG05.00-S,20,CP2,2020/03/08 01:16:57,97.46,1,11,29,0,8
N3GG09.00-S,20,CP2,2020/03/08 15:28:54,98,0,4,33,0,1
N3GG10.00-S,20,CP2,2020/03/09 01:40:01,97.26,0,5,35,0,9
N3GG10.00-S,20,CP2,2020/03/09 18:26:54,97.31,0,5,35,0,9
N3GG11.00-S,20,CP2,2020/03/08 18:51:35,98.7,0,4,19,0,3
N3GG17.00-S,20,CP2,2020/03/08 02:00:25,98.8,0,1,21,1,0
N3GG19.00-S,20,CP2,2020/03/10 18:05:50,97.9,0,4,33,0,4
N3GG36.00-S,20,CP2,2020/03/08 22:49:23,98,0,0,36,2,2
N3GG47.00-S,20,CP2,2020/03/09 19:08:48,98.05,0,4,31,0,2
N3GG59.00-S,20,CP2,2020/03/09 02:45:10,98.2,0,1,30,0,4
N3GG64.00-S,20,CP2,2020/03/10 17:17:40,97.75,0,4,28,4,9
N3HG34.00-S,20,CP2,2020/03/10 02:59:50,98.45,0,2,22,1,5
N3CB83.00-S,21,CP2,2020/03/09 11:57:24,96.76,0,1,44,5,12
N3GB69.00-S,21,CP2,2020/03/08 12:10:46,98.45,0,3,24,0,3
N3GB74.00-S,21,CP2,2020/03/08 20:51:07,97.95,0,1,37,1,1
N3GB75.00-S,21,CP2,2020/03/09 07:48:16,98.6,0,0,26,1,1
N3GB97.00-S,21,CP2,2020/03/09 12:01:36,97.55,8,10,22,2,4
N3GC00.00-S,21,CP2,2020/03/08 03:41:09,98.15,0,1,32,0,3
N3GC03.00-S,21,CP2,2020/03/09 18:47:04,97.5,1,6,33,0,7
N3GC09.00-S,21,CP2,2020/03/10 06:07:42,97.95,1,4,33,0,1
N3GC17.00-S,21,CP2,2020/03/10 22:24:00,97.16,0,1,48,0,3
N3GC19.00-S,21,CP2,2020/03/08 04:34:36,97.55,1,2,35,5,5
N3GC27.00-S,21,CP2,2020/03/09 21:21:09,98.55,1,5,21,0,1
N3GC37.00-S,21,CP2,2020/03/09 09:20:37,98.4,0,2,29,0,1
N3GC39.00-S,21,CP2,2020/03/10 04:25:20,97.06,1,5,51,0,2
N3GC42.00-S,21,CP2,2020/03/10 11:16:03,97.85,1,1,31,6,4
N3GC47.00-S,21,CP2,2020/03/08 16:35:53,98.7,0,0,21,0,4
N3GC71.00-S,21,CP2,2020/03/08 07:34:42,96.86,0,3,58,0,2
N3GC76.00-S,21,CP2,2020/03/08 11:36:52,98.5,0,1,28,0,0
N3GC80.00-S,21,CP2,2020/03/09 11:30:12,97.75,1,3,33,0,4
N3GC90.00-S,21,CP2,2020/03/08 05:54:31,98.35,0,1,27,0,4
N3GC91.00-S,21,CP2,2020/03/10 14:58:45,97.11,0,1,50,2,4
N3GC93.00-S,21,CP2,2020/03/09 02:00:45,97.36,0,2,46,0,3
N3GC94.00-S,21,CP2,2020/03/08 17:31:13,98.05,0,2,29,3,4
N3GG02.00-S,21,CP2,2020/03/09 16:24:52,98.4,0,2,23,5,1
N3GG03.00-S,21,CP2,2020/03/08 13:00:49,98.65,0,1,21,0,2
N3GG04.00-S,21,CP2,2020/03/08 17:18:33,97.75,0,4,39,0,2
N3GG05.00-S,21,CP2,2020/03/08 01:38:36,98.35,3,3,22,1,2
N3GG09.00-S,21,CP2,2020/03/08 15:50:36,98.55,0,3,23,1,1
N3GG10.00-S,21,CP2,2020/03/09 22:52:31,94.81,0,10,69,0,18
N3GG10.00-S,21,CP2,2020/03/10 09:18:39,94.91,0,9,69,0,18
N3GG11.00-S,21,CP2,2020/03/08 19:15:59,98.65,0,0,25,0,2
N3GG17.00-S,21,CP2,2020/03/08 02:24:49,98.95,0,0,16,0,3
N3GG19.00-S,21,CP2,2020/03/10 18:26:01,99.1,0,0,11,1,3
N3GG36.00-S,21,CP2,2020/03/08 23:14:27,98.1,0,1,34,1,2
N3GG47.00-S,21,CP2,2020/03/09 19:30:15,97.5,0,0,43,0,5
N3GG59.00-S,21,CP2,2020/03/09 03:12:20,98.3,0,1,28,0,2
N3GG64.00-S,21,CP2,2020/03/10 17:40:22,98.15,0,1,25,4,4
N3HG34.00-S,21,CP2,2020/03/10 03:21:06,97.95,0,4,31,1,3
N3CB83.00-S,22,CP2,2020/03/09 12:22:15,96.71,0,0,46,9,11
N3CB83.00-S,22,CP2,2020/03/10 14:07:50,97.65,0,0,46,0,1
N3FN89.00-S,22,CP2,2020/03/08 07:50:23,96.71,1,1,50,0,3
N3FN89.00-S,22,CP2,2020/03/08 18:25:32,96.96,1,1,50,0,2
N3GB69.00-S,22,CP2,2020/03/08 12:32:31,97.65,1,1,40,1,3
N3GB74.00-S,22,CP2,2020/03/08 21:11:11,97.8,0,4,33,3,3
N3GB75.00-S,22,CP2,2020/03/09 08:12:26,98.7,0,1,19,0,3
N3GB97.00-S,22,CP2,2020/03/09 12:32:57,98.25,3,5,23,0,4
N3GB98.00-S,22,CP2,2020/03/08 18:56:35,97.75,2,3,36,0,1
N3GC00.00-S,22,CP2,2020/03/08 04:11:32,97.85,0,4,35,0,4
N3GC03.00-S,22,CP2,2020/03/09 19:11:18,98.75,1,2,15,1,3
N3GC05.00-S,22,CP2,2020/03/08 17:22:33,98.15,0,5,30,0,2
N3GC07.00-S,22,CP2,2020/03/09 06:13:44,98,0,0,37,0,1
N3GC09.00-S,22,CP2,2020/03/10 06:33:42,98.45,0,1,29,0,1
N3GC17.00-S,22,CP2,2020/03/10 22:45:39,98.8,0,1,19,0,2
N3GC19.00-S,22,CP2,2020/03/08 04:58:59,96.61,0,1,57,7,2
N3GC27.00-S,22,CP2,2020/03/09 21:43:02,98.6,0,5,18,3,1
N3GC37.00-S,22,CP2,2020/03/09 09:41:56,98.05,1,2,34,0,2
N3GC39.00-S,22,CP2,2020/03/10 04:49:52,97.41,8,5,38,0,0
N3GC42.00-S,22,CP2,2020/03/10 11:41:55,98.05,0,3,32,2,1
N3GC47.00-S,22,CP2,2020/03/08 16:59:58,98.45,0,3,25,0,2
N3GC71.00-S,22,CP2,2020/03/08 07:55:55,97.6,0,1,44,1,0
N3GC74.00-S,22,CP2,2020/03/08 00:02:56,98,0,1,30,5,3
N3GC76.00-S,22,CP2,2020/03/08 12:01:25,97.11,0,4,51,0,0
N3GC80.00-S,22,CP2,2020/03/09 11:55:11,97.75,1,4,37,0,3
N3GC90.00-S,22,CP2,2020/03/08 06:17:40,98.1,0,2,33,0,0
N3GC91.00-S,22,CP2,2020/03/10 15:23:46,98.2,0,4,28,3,1
N3GC93.00-S,22,CP2,2020/03/09 02:22:07,98.5,1,2,22,0,2
N3GC94.00-S,22,CP2,2020/03/08 17:53:09,97.21,0,1,47,2,4
N3GG02.00-S,22,CP2,2020/03/09 16:46:12,98.15,0,1,30,4,2
N3GG03.00-S,22,CP2,2020/03/08 13:22:18,97.9,0,3,35,0,2
N3GG04.00-S,22,CP2,2020/03/08 17:42:59,98.95,0,1,19,0,1
N3GG05.00-S,22,CP2,2020/03/08 01:59:04,97.55,1,6,36,1,4
N3GG09.00-S,22,CP2,2020/03/08 16:10:49,98.55,0,1,27,1,0
N3GG10.00-S,22,CP2,2020/03/09 23:40:22,95.11,0,13,68,0,16
N3GG10.00-S,22,CP2,2020/03/10 09:24:07,95.11,0,13,68,0,16
N3GG11.00-S,22,CP2,2020/03/08 19:37:20,98.65,0,1,23,0,2
N3GG14.00-S,22,CP2,2020/03/08 10:46:37,95.16,6,6,71,0,7
N3GG17.00-S,22,CP2,2020/03/08 02:46:11,98.8,0,1,22,0,0
N3GG19.00-S,22,CP2,2020/03/10 18:47:23,98.45,0,1,26,3,1
N3GG36.00-S,22,CP2,2020/03/08 23:36:17,97.21,0,4,45,4,1
N3GG47.00-S,22,CP2,2020/03/09 19:54:41,97.9,1,1,39,0,0
N3GG59.00-S,22,CP2,2020/03/09 03:36:31,98.2,0,1,30,0,5
N3GG64.00-S,22,CP2,2020/03/10 18:05:45,98.2,0,2,28,3,2
N3HG34.00-S,22,CP2,2020/03/10 03:42:20,98.85,0,1,19,2,0
N3CB83.00-S,23,CP2,2020/03/09 12:47:02,97.26,0,4,33,7,11
N3GB69.00-S,23,CP2,2020/03/08 12:57:30,96.56,0,5,59,1,3
N3GB74.00-S,23,CP2,2020/03/08 21:32:40,97.85,0,2,39,1,1
N3GB75.00-S,23,CP2,2020/03/09 08:39:29,98.75,0,1,21,0,1
N3GB97.00-S,23,CP2,2020/03/09 12:55:08,98.2,11,8,15,0,2
N3GB97.00-S,23,CP2,2020/03/10 05:47:58,98.75,0,8,15,0,2
N3GC00.00-S,23,CP2,2020/03/08 04:33:34,97.9,0,3,35,1,2
N3GC03.00-S,23,CP2,2020/03/09 19:35:36,98.25,0,4,26,0,4
N3GC07.00-S,23,CP2,2020/03/09 06:38:26,97.9,0,1,35,4,1
N3GC09.00-S,23,CP2,2020/03/10 06:59:53,97.5,0,0,46,0,4
N3GC12.00-S,23,CP2,2020/03/08 06:34:35,98.65,1,0,26,0,0
N3GC17.00-S,23,CP2,2020/03/10 23:10:25,98.35,0,0,27,0,4
N3GC19.00-S,23,CP2,2020/03/08 05:20:22,97.65,0,3,32,6,2
N3GC27.00-S,23,CP2,2020/03/09 22:08:09,98.15,6,7,23,0,1
N3GC37.00-S,23,CP2,2020/03/09 10:02:03,98.05,0,2,33,0,3
N3GC39.00-S,23,CP2,2020/03/10 05:11:48,98.6,0,2,24,0,2
N3GC42.00-S,23,CP2,2020/03/10 12:05:32,98.05,3,2,27,2,3
N3GC47.00-S,23,CP2,2020/03/08 17:27:02,97.95,0,2,31,0,7
N3GC71.00-S,23,CP2,2020/03/08 08:20:20,98.35,0,2,29,0,2
N3GC74.00-S,23,CP2,2020/03/08 00:27:21,97.55,1,2,39,5,2
N3GC76.00-S,23,CP2,2020/03/08 12:22:51,98.2,1,3,27,0,5
N3GC80.00-S,23,CP2,2020/03/09 12:16:57,96.96,1,9,41,0,5
N3GC90.00-S,23,CP2,2020/03/08 12:19:00,96.91,0,9,44,0,7
N3GC91.00-S,23,CP2,2020/03/10 15:48:51,98.5,0,5,20,4,0
N3GC93.00-S,23,CP2,2020/03/09 02:46:48,96.31,6,4,57,0,4
N3GC94.00-S,23,CP2,2020/03/08 18:18:12,98.1,0,2,32,2,2
N3GC95.00-S,23,CP2,2020/03/08 21:31:26,97.85,0,3,39,0,0
N3GG02.00-S,23,CP2,2020/03/09 17:06:25,98,0,2,30,5,2
N3GG03.00-S,23,CP2,2020/03/08 14:01:24,98.4,1,0,26,1,3
N3GG04.00-S,23,CP2,2020/03/08 18:04:37,96.96,0,2,45,0,10
N3GG09.00-S,23,CP2,2020/03/08 16:32:21,97.95,0,2,30,1,5
N3GG10.00-S,23,CP2,2020/03/09 02:04:06,96.71,0,4,50,0,9
N3GG11.00-S,23,CP2,2020/03/08 20:01:50,98.5,1,6,17,0,4
N3GG17.00-S,23,CP2,2020/03/08 03:10:31,98,0,1,30,0,7
N3GG19.00-S,23,CP2,2020/03/10 19:07:34,97.9,0,0,39,1,2
N3GG36.00-S,23,CP2,2020/03/09 00:01:11,97.21,0,3,46,0,6
N3GG47.00-S,23,CP2,2020/03/09 20:16:07,98.55,0,3,23,0,2
N3GG59.00-S,23,CP2,2020/03/09 04:00:43,97.8,0,4,32,0,4
N3GG64.00-S,23,CP2,2020/03/10 18:27:58,98.15,0,1,26,5,3
N3HG34.00-S,23,CP2,2020/03/10 04:02:31,97.41,0,2,39,0,10
N3CB83.00-S,24,CP2,2020/03/09 13:11:52,97.01,1,2,34,9,13
N3CB83.00-S,24,CP2,2020/03/10 14:10:50,97.9,0,2,34,0,5
N3CC17.00-S,24,CP2,2020/03/08 18:29:19,98.2,1,1,27,0,7
N3GB69.00-S,24,CP2,2020/03/08 13:19:19,98,0,2,33,1,3
N3GB71.00-S,24,CP2,2020/03/08 17:42:27,97.95,0,1,33,5,1
N3GB74.00-S,24,CP2,2020/03/08 21:52:51,98.8,0,3,16,3,1
N3GB75.00-S,24,CP2,2020/03/09 09:05:32,98.65,0,1,21,0,4
N3GB97.00-S,24,CP2,2020/03/09 13:20:21,98.05,0,8,24,0,4
N3GC00.00-S,24,CP2,2020/03/08 04:58:34,96.91,1,3,56,0,0
N3GC03.00-S,24,CP2,2020/03/09 19:56:38,98.7,0,4,18,0,3
N3GC07.00-S,24,CP2,2020/03/09 07:03:30,97.46,0,1,40,4,4
N3GC09.00-S,24,CP2,2020/03/10 07:20:57,97.46,0,1,46,0,3
N3GC17.00-S,24,CP2,2020/03/10 23:31:51,98.55,1,1,23,0,1
N3GC19.00-S,24,CP2,2020/03/08 05:44:44,97.55,0,0,41,5,1
N3GC27.00-S,24,CP2,2020/03/09 22:29:59,98.9,0,4,14,2,2
N3GC37.00-S,24,CP2,2020/03/09 10:23:15,97.85,0,1,36,2,3
N3GC39.00-S,24,CP2,2020/03/10 05:40:39,97.65,0,1,44,0,2
N3GC42.00-S,24,CP2,2020/03/10 12:31:03,96.81,1,8,33,13,5
N3GC47.00-S,24,CP2,2020/03/08 17:51:04,97.85,0,3,31,3,2
N3GC71.00-S,24,CP2,2020/03/08 08:41:39,98.25,0,1,33,0,1
N3GC74.00-S,24,CP2,2020/03/08 00:48:37,98.05,0,0,29,5,5
N3GC76.00-S,24,CP2,2020/03/08 12:47:32,96.26,0,5,59,0,7
N3GC80.00-S,24,CP2,2020/03/09 12:41:47,97.75,2,3,33,0,6
N3GC90.00-S,24,CP2,2020/03/08 06:42:04,97.41,0,7,33,0,8
N3GC91.00-S,24,CP2,2020/03/10 16:10:49,98,0,1,31,0,5
N3GC93.00-S,24,CP2,2020/03/09 03:08:14,97.5,1,2,41,0,5
N3GC94.00-S,24,CP2,2020/03/08 18:40:03,97.46,0,1,43,2,5
N3GG02.00-S,24,CP2,2020/03/09 17:27:46,97.65,0,3,39,2,2
N3GG03.00-S,24,CP2,2020/03/08 14:22:55,98.55,0,0,25,0,3
N3GG04.00-S,24,CP2,2020/03/08 18:29:07,98.1,0,4,31,0,1
N3GG09.00-S,24,CP2,2020/03/08 16:52:36,97.95,0,3,34,2,1
N3GG10.00-S,24,CP2,2020/03/09 02:31:11,97.21,0,8,38,1,5
N3GG10.00-S,24,CP2,2020/03/09 18:47:08,97.26,0,8,38,0,5
N3GG11.00-S,24,CP2,2020/03/08 20:23:10,98.4,0,2,27,0,3
N3GG16.00-S,24,CP2,2020/03/08 09:01:50,97.6,0,5,41,0,1
N3GG17.00-S,24,CP2,2020/03/08 03:31:53,98.65,0,0,22,0,3
N3GG19.00-S,24,CP2,2020/03/10 19:28:45,98.1,1,1,33,2,0
N3GG47.00-S,24,CP2,2020/03/09 20:40:38,98.05,0,3,31,0,4
N3GG59.00-S,24,CP2,2020/03/09 04:28:09,98.3,0,2,30,0,0
N3GG64.00-S,24,CP2,2020/03/10 18:53:18,97.21,0,4,42,4,2
N3HG34.00-S,24,CP2,2020/03/10 04:23:51,98.9,0,1,18,0,2
N3FN85.00-S,25,CP2,2020/03/08 07:21:15,97.06,2,2,51,3,0
N3GB69.00-S,25,CP2,2020/03/08 13:44:04,97.21,0,2,44,0,7
N3GB74.00-S,25,CP2,2020/03/08 22:14:32,98.15,5,3,23,3,1
N3GB75.00-S,25,CP2,2020/03/09 09:29:36,98.6,1,3,22,0,1
N3GB97.00-S,25,CP2,2020/03/09 13:45:26,97.95,0,4,34,1,1
N3GC00.00-S,25,CP2,2020/03/08 05:20:46,97.9,0,8,30,0,3
N3GC03.00-S,25,CP2,2020/03/09 20:20:48,98.3,0,1,29,0,3
N3GC07.00-S,25,CP2,2020/03/09 07:25:28,98.3,0,1,30,0,3
N3GC09.00-S,25,CP2,2020/03/10 07:45:03,98.65,0,1,22,0,2
N3GC17.00-S,25,CP2,2020/03/10 23:56:39,98.65,0,0,23,0,1
N3GC19.00-S,25,CP2,2020/03/08 06:09:12,97.65,1,1,38,2,5
N3GC27.00-S,25,CP2,2020/03/10 13:59:21,97.21,10,9,36,0,1
N3GC27.00-S,25,CP2,2020/03/10 14:49:54,97.7,0,9,36,0,1
N3GC37.00-S,25,CP2,2020/03/09 10:45:05,97.65,0,2,44,1,0
N3GC39.00-S,25,CP2,2020/03/10 06:02:02,97.5,0,3,42,0,3
N3GC42.00-S,25,CP2,2020/03/10 13:04:15,98.1,0,4,25,9,0
N3GC47.00-S,25,CP2,2020/03/08 18:18:07,98.5,0,0,30,0,0
N3GC71.00-S,25,CP2,2020/03/08 09:06:00,97.85,0,2,40,0,1
N3GC74.00-S,25,CP2,2020/03/08 01:12:59,97.16,0,4,41,4,8
N3GC76.00-S,25,CP2,2020/03/08 13:08:54,97.16,0,1,49,0,2
N3GC80.00-S,25,CP2,2020/03/09 13:03:30,97.41,0,2,44,0,3
N3GC90.00-S,25,CP2,2020/03/08 07:03:49,98.05,1,2,26,0,9
N3GC91.00-S,25,CP2,2020/03/10 16:35:40,97.65,1,3,35,2,5
N3GC93.00-S,25,CP2,2020/03/09 03:32:37,97.06,0,1,51,0,6
N3GC94.00-S,25,CP2,2020/03/08 19:04:58,98.2,1,1,31,2,1
N3GC95.00-S,25,CP2,2020/03/08 21:55:23,97.36,1,2,47,0,1
N3GG02.00-S,25,CP2,2020/03/09 17:47:51,98.6,0,4,18,3,1
N3GG03.00-S,25,CP2,2020/03/08 14:47:15,98.4,0,1,28,0,2
N3GG04.00-S,25,CP2,2020/03/08 18:50:39,98.25,1,5,24,0,2
N3GG09.00-S,25,CP2,2020/03/08 17:13:57,97.41,7,7,34,2,1
N3GG10.00-S,25,CP2,2020/03/09 02:55:19,97.6,0,2,35,1,9
N3GG11.00-S,25,CP2,2020/03/08 20:47:42,98.7,1,6,16,0,2
N3GG17.00-S,25,CP2,2020/03/08 03:56:07,97.9,0,4,31,1,3
N3GG19.00-S,25,CP2,2020/03/10 19:48:54,97.95,0,2,35,1,2
N3GG36.00-S,25,CP2,2020/03/09 00:23:03,97.7,0,1,41,1,2
N3GG47.00-S,25,CP2,2020/03/09 21:02:12,97.65,1,1,44,0,1
N3GG59.00-S,25,CP2,2020/03/09 04:52:18,98.35,0,1,28,0,4
N3GG64.00-S,25,CP2,2020/03/10 19:15:37,98.15,1,2,27,2,3
N3HG34.00-S,25,CP2,2020/03/10 04:44:06,97.06,0,3,46,0,6
